# stop-motion pose sheet for OD-B10-S02 (tools/perform/hardware.js): each drawing on twos (frames at 24), the principals; angles in degrees as set on the toy; x, z in studs, y and hips in plates
# state: A action, R reaction, H alive hold, h authored hold, D dead; holds_R/L: what the hand holds (ownership at that drawing); why: the score's causal chain
drawing,frames,t,actor,state,x_studs,y_plates,z_studs,heading,pitch,roll,hips_plates,torso.lean,torso.twist,torso.roll,head.yaw,head.pitch,arm.R.pitch,arm.R.out,arm.L.pitch,arm.L.out,hand.R.roll,hand.L.roll,leg.R.pitch,leg.L.pitch,holds_R,holds_L,contacts,why
0,1-2,0,odysseus,H,-0.5,9.1,-1.5,-180,0,0,0,0,0,0,0,0,-34.4,0,0,0,0,0,0,0,,,,BREATH
1,3-4,0.083,odysseus,H,-0.5,9.1,-1.5,-180,0,0,0,0,0,0,0,0,-34.4,0,0,0,0,0,0,0,,,,BREATH
2,5-6,0.167,odysseus,H,-0.5,9.1,-1.5,-180,0,0,0,0,0,0,0,0,-34.4,0,0,0,0,0,0,0,,,,BREATH
3,7-8,0.25,odysseus,H,-0.5,9.1,-1.5,-180,0,0,0,0,0,0,0,0,-34.4,0,0,0,0,0,0,0,,,,BREATH
4,9-10,0.333,odysseus,h,-0.5,9.1,-1.5,-180,0,0,0,-0.1,0,0,0,0,-34.4,0,0,0,0,0,0,0,,,,HOLD / SCENE
5,11-12,0.417,odysseus,h,-0.5,9.1,-1.5,-180,0,0,0,-0.1,0,0,0,-0.1,-34.4,0,0,0,0,0,0,0,,,,HOLD / SCENE
6,13-14,0.5,odysseus,h,-0.5,9.1,-1.5,-180,0,0,0,-0.1,0,0,0,-0.1,-34.4,0,0,0,0,0,0,0,,,,LOOK / HOLD / SCENE
7,15-16,0.583,odysseus,A,-0.5,9.1,-1.5,-180,0,0,0,-0.1,0.8,0,9.6,2.7,-34.4,0,0,0,0,0,0,0,,,,LOOK / HOLD / SCENE
8,17-18,0.667,odysseus,A,-0.5,9.1,-1.5,-180,0,0,0,-0.2,2.7,0,17.1,1.3,-34.4,0,0,0,0,0,0,0,,,,LOOK / HOLD / SCENE
9,19-20,0.75,odysseus,A,-0.5,9.1,-1.5,-180,0,0,0,-0.2,5.4,0,22.4,0.2,-34.4,0,0,0,0,0,0,0,,,,LOOK / HOLD / SCENE
10,21-22,0.833,odysseus,A,-0.5,9.1,-1.5,-180,0,0,0,-0.3,8.3,0,25.6,-0.4,-34.4,0,0,0,0,0,0,0,,,,LOOK / HOLD / SCENE
11,23-24,0.917,odysseus,A,-0.5,9.1,-1.5,-180,0,0,0,-0.3,11,0,26.7,-0.7,-34.4,0,0,0,0,0,0,0,,,,LOOK / HOLD / SCENE
12,25-26,1,odysseus,A,-0.5,9.1,-1.5,-180,0,0,0,-0.4,12.9,0,26.3,-0.7,-34.4,0,0,0,0,0,0,0,,,,LOOK / HOLD / SCENE
13,27-28,1.083,odysseus,h,-0.5,9.1,-1.5,-180,0,0,0,-0.4,13.7,0,25.7,-0.8,-34.4,0,0,0,0,0,0,0,,,,LOOK / HOLD / SCENE
14,29-30,1.167,odysseus,h,-0.5,9.1,-1.5,-180,0,0,0,-0.5,13.7,0,25.4,-0.8,-34.4,0,0,0,0,0,0,0,,,,LOOK / HOLD / SCENE
15,31-32,1.25,odysseus,h,-0.5,9.1,-1.5,-180,0,0,0,-0.6,13.7,0,25.4,-0.9,-34.4,0,0,0,0,0,0,0,,,,HOLD / SCENE
16,33-34,1.333,odysseus,h,-0.5,9.1,-1.5,-180,0,0,0,-0.6,13.7,0,25.4,-0.9,-34.4,0,0,0,0,0,0,0,,,,HOLD / SCENE
17,35-36,1.417,odysseus,h,-0.5,9.1,-1.5,-180,0,0,0,-0.7,13.7,0,25.4,-1,-34.4,0,0,0,0,0,0,0,,,,HOLD / SCENE
18,37-38,1.5,odysseus,h,-0.5,9.1,-1.5,-180,0,0,0,-0.8,13.7,0,25.4,-1,-34.4,0,0,0,0,0,0,0,,,,HOLD / SCENE
19,39-40,1.583,odysseus,h,-0.5,9.1,-1.5,-180,0,0,0,-0.8,13.7,0,25.4,-1.1,-34.4,0,0,0,0,0,0,0,,,,HOLD / SCENE
20,41-42,1.667,odysseus,h,-0.5,9.1,-1.5,-180,0,0,0,-0.9,13.7,0,25.4,-1.1,-34.4,0,0,0,0,0,0,0,,,,HOLD / SCENE
21,43-44,1.75,odysseus,h,-0.5,9.1,-1.5,-180,0,0,0,-1,13.7,0,25.4,-1.2,-34.4,0,0,0,0,0,0,0,,,,HOLD / SCENE
22,45-46,1.833,odysseus,h,-0.5,9.1,-1.5,-180,0,0,0,-1,13.7,0,25.4,-1.2,-34.4,0,0,0,0,0,0,0,,,,HOLD / SCENE
23,47-48,1.917,odysseus,h,-0.5,9.1,-1.5,-180,0,0,0,-1.1,13.7,0,25.4,-1.3,-34.4,0,0,0,0,0,0,0,,,,HOLD / SCENE
24,49-50,2,odysseus,h,-0.5,9.1,-1.5,-180,0,0,0,-1.2,13.7,0,25.4,-1.4,-34.4,0,0,0,0,0,0,0,,,,WEIGHT SHIFT / HOLD / SCENE
25,51-52,2.083,odysseus,h,-0.5,9.1,-1.5,-180,0,-0.2,0,-1.2,13.7,0.3,25.4,-1.4,-34.4,0,0,0,0,0,0,0,,,,WEIGHT SHIFT / HOLD / SCENE
26,53-54,2.167,odysseus,h,-0.5,9.1,-1.5,-180,0,-0.6,0,-1.3,13.7,0.9,25.4,-1.5,-34.4,0,0,0,0,0,0,0,,,,WEIGHT SHIFT / HOLD / SCENE
27,55-56,2.25,odysseus,h,-0.5,9.1,-1.5,-180,0,-1.1,-0.1,-1.3,13.7,1.7,25.4,-1.5,-34.4,0,0,0,0,0,0,0,,,,WEIGHT SHIFT / HOLD / SCENE
28,57-58,2.333,odysseus,h,-0.5,9.1,-1.5,-180,0,-1.5,-0.1,-1.4,13.7,2.3,25.4,-1.6,-34.4,0,0,0,0,0,0,0,,,,WEIGHT SHIFT / HOLD / SCENE
29,59-60,2.417,odysseus,h,-0.5,9.1,-1.5,-180,0,-1.7,-0.1,-1.4,13.7,2.6,25.4,-1.6,-34.4,0,0,0,0,0,0,0,,,,WEIGHT SHIFT / HOLD / SCENE
30,61-62,2.5,odysseus,h,-0.5,9.1,-1.5,-180,0,-1.7,0,-1.5,13.7,2.5,25.4,-1.6,-34.4,0,0,0,0,0,0,0,,,,WEIGHT SHIFT / HOLD / SCENE
31,63-64,2.583,odysseus,h,-0.5,9.1,-1.5,-180,0,-1.7,0,-1.5,13.7,2.5,25.4,-1.7,-34.4,0,0,0,0,0,0,0,,,,WEIGHT SHIFT / HOLD / SCENE
32,65-66,2.667,odysseus,h,-0.5,9.1,-1.5,-180,0,-1.6,0,-1.6,13.7,2.4,25.4,-1.7,-34.4,0,0,0,0,0,0,0,,,,WEIGHT SHIFT / HOLD / SCENE
33,67-68,2.75,odysseus,h,-0.5,9.1,-1.5,-180,0,-1.6,0,-1.6,13.7,2.4,25.4,-1.7,-34.4,0,0,0,0,0,0,0,,,,WEIGHT SHIFT / HOLD / SCENE
34,69-70,2.833,odysseus,h,-0.5,9.1,-1.5,-180,0,-1.6,0,-1.6,13.7,2.4,25.4,-1.8,-34.4,0,0,0,0,0,0,0,,,,WEIGHT SHIFT / HOLD / SCENE
35,71-72,2.917,odysseus,h,-0.5,9.1,-1.5,-180,0,-1.6,0,-1.7,13.7,2.3,25.4,-1.8,-34.4,0,0,0,0,0,0,0,,,,WEIGHT SHIFT / HOLD / SCENE
36,73-74,3,odysseus,h,-0.5,9.1,-1.5,-180,0,-1.6,0,-1.7,13.7,2.3,25.4,-1.8,-34.4,0,0,0,0,0,0,0,,,,WEIGHT SHIFT / HOLD / SCENE
37,75-76,3.083,odysseus,h,-0.5,9.1,-1.5,-180,0,-1.5,0.1,-1.7,13.7,2.2,25.4,-1.8,-34.4,0,0,0,0,0,0,0,,,,WEIGHT SHIFT / HOLD / SCENE
38,77-78,3.167,odysseus,h,-0.5,9.1,-1.5,-180,0,-1.5,0.1,-1.7,13.7,2.2,25.4,-1.8,-34.4,0,0,0,0,0,0,0,,,,WEIGHT SHIFT / HOLD / SCENE
39,79-80,3.25,odysseus,A,-0.5,9.1,-1.5,-180,0,-1.5,0.1,-1.7,13.7,2.1,25.8,1.4,-34.4,0,0,0,0,0,0,0,,,,LOOK / HOLD / SCENE
40,81-82,3.333,odysseus,h,-0.5,9.1,-1.5,-180,0,-1.5,0.1,-1.7,13.7,2.1,26.1,0.3,-34.4,0,0,0,0,0,0,0,,,,LOOK / HOLD / SCENE
41,83-84,3.417,odysseus,h,-0.5,9.1,-1.5,-180,0,-1.4,0.1,-1.7,13.7,2,26.3,-0.6,-34.4,0,0,0,0,0,0,0,,,,LOOK / HOLD / SCENE
42,85-86,3.5,odysseus,h,-0.5,9.1,-1.5,-180,0,-1.4,0.1,-1.6,13.7,2,26.5,-1.2,-34.4,0,0,0,0,0,0,0,,,,LOOK / HOLD / SCENE
43,87-88,3.583,odysseus,h,-0.5,9.1,-1.5,-180,0,-1.4,0.1,-1.6,13.7,1.9,26.6,-1.6,-34.4,0,0,0,0,0,0,0,,,,LOOK / HOLD / SCENE
44,89-90,3.667,odysseus,h,-0.5,9.1,-1.5,-180,0,-1.4,0.1,-1.5,13.7,1.9,26.7,-1.6,-34.4,0,0,0,0,0,0,0,,,,LOOK / HOLD / SCENE
45,91-92,3.75,odysseus,h,-0.5,9.1,-1.5,-180,0,-1.3,0.1,-1.4,13.7,1.9,26.3,-1.6,-34.4,0,0,0,0,0,0,0,,,,LOOK / HOLD / SCENE
46,93-94,3.833,odysseus,h,-0.5,9.1,-1.5,-180,0,-1.3,0.1,-1.3,13.7,1.8,25.7,-1.5,-34.4,0,0,0,0,0,0,0,,,,LOOK / HOLD / SCENE
47,95-96,3.917,odysseus,h,-0.5,9.1,-1.5,-180,0,-1.3,0.1,-1.2,13.7,1.8,25.4,-1.4,-34.4,0,0,0,0,0,0,0,,,,LOOK / HOLD / SCENE
48,97-98,4,odysseus,h,-0.5,9.1,-1.5,-180,0,-1.3,0.1,-1.1,13.7,1.7,25.4,-1.3,-34.4,0,0,0,0,0,0,0,,,,WEIGHT SHIFT / HOLD / SCENE
49,99-100,4.083,odysseus,h,-0.5,9.1,-1.5,-180,0,-1.3,0,-1,13.7,1.7,25.4,-1.2,-34.4,0,0,0,0,0,0,0,,,,HOLD / SCENE
50,101-102,4.167,odysseus,h,-0.5,9.1,-1.5,-180,0,-1.3,0,-0.9,13.7,1.7,25.4,-1.1,-34.4,0,0,0,0,0,0,0,,,,HOLD / SCENE
51,103-104,4.25,odysseus,h,-0.5,9.1,-1.5,-180,0,-1.3,0,-0.7,13.7,1.7,25.4,-1,-34.4,0,0,0,0,0,0,0,,,,HOLD / SCENE
52,105-106,4.333,odysseus,h,-0.5,9.1,-1.5,-180,0,-1.3,0,-0.6,13.7,1.7,25.4,-0.9,-34.4,0,0,0,0,0,0,0,,,,HOLD / SCENE
53,107-108,4.417,odysseus,h,-0.5,9.1,-1.5,-180,0,-1.3,0,-0.5,13.7,1.7,25.4,-0.8,-34.4,0,0,0,0,0,0,0,,,,HOLD / SCENE
54,109-110,4.5,odysseus,h,-0.5,9.1,-1.5,-180,0,-1.3,0,-0.4,13.7,1.7,25.4,-0.7,-34.4,0,0,0,0,0,0,0,,,,HOLD / SCENE
55,111-112,4.583,odysseus,h,-0.5,9.1,-1.5,-180,0,-1.3,0,-0.3,13.7,1.7,25.4,-0.7,-34.4,0,0,0,0,0,0,0,,,,HOLD / SCENE
56,113-114,4.667,odysseus,h,-0.5,9.1,-1.5,-180,0,-1.3,0,-0.2,13.7,1.7,25.4,-0.6,-34.4,0,0,0,0,0,0,0,,,,HOLD / SCENE
57,115-116,4.75,odysseus,h,-0.5,9.1,-1.5,-180,0,-1.3,0,-0.1,13.7,1.7,25.4,-0.5,-34.4,0,0,0,0,0,0,0,,,,HOLD / SCENE
58,117-118,4.833,odysseus,h,-0.5,9.1,-1.5,-180,0,-1.3,0,-0.1,13.7,1.7,25.4,-0.5,-34.4,0,0,0,0,0,0,0,,,,HOLD / SCENE
59,119-120,4.917,odysseus,h,-0.5,9.1,-1.5,-180,0,-1.3,0,0,13.7,1.7,25.4,-0.4,-34.4,0,0,0,0,0,0,0,,,,HOLD / SCENE
60,121-122,5,odysseus,h,-0.5,9.1,-1.5,-180,0,-1.3,0,0,13.7,1.7,25.4,-0.4,-34.4,0,0,0,0,0,0,0,,,,HOLD / SCENE
61,123-124,5.083,odysseus,h,-0.5,9.1,-1.5,-180,0,-1.3,0,0,13.7,1.7,25.4,-0.4,-34.4,0,0,0,0,0,0,0,,,,HOLD / SCENE
62,125-126,5.167,odysseus,h,-0.5,9.1,-1.5,-180,0,-1.3,0,0,13.7,1.7,25.4,-0.4,-34.4,0,0,0,0,0,0,0,,,,HOLD / SCENE
63,127-128,5.25,odysseus,h,-0.5,9.1,-1.5,-180,0,-1.3,0,0,13.7,1.7,25.4,-0.4,-34.4,0,0,0,0,0,0,0,,,,HOLD / SCENE
64,129-130,5.333,odysseus,h,-0.5,9.1,-1.5,-180,0,-1.3,0,0,13.7,1.7,25.4,-0.4,-34.4,0,0,0,0,0,0,0,,,,HOLD / SCENE
65,131-132,5.417,odysseus,h,-0.5,9.1,-1.5,-180,0,-1.3,0,-0.1,13.7,1.7,25.4,-0.5,-34.4,0,0,0,0,0,0,0,,,,HOLD / SCENE
66,133-134,5.5,odysseus,h,-0.5,9.1,-1.5,-180,0,-1.3,0,-0.1,13.7,1.7,25.4,-0.5,-34.4,0,0,0,0,0,0,0,,,,HOLD / SCENE
67,135-136,5.583,odysseus,h,-0.5,9.1,-1.5,-180,0,-1.3,0,-0.2,13.7,1.7,25.4,-0.5,-34.4,0,0,0,0,0,0,0,,,,HOLD / SCENE
68,137-138,5.667,odysseus,h,-0.5,9.1,-1.5,-180,0,-1.3,0,-0.2,13.7,1.7,25.4,-0.6,-34.4,0,0,0,0,0,0,0,,,,HOLD / SCENE
69,139-140,5.75,odysseus,h,-0.5,9.1,-1.5,-180,0,-1.3,0,-0.3,13.7,1.7,25.4,-0.6,-34.4,0,0,0,0,0,0,0,,,,HOLD / SCENE
70,141-142,5.833,odysseus,h,-0.5,9.1,-1.5,-180,0,-1.3,0,-0.4,13.7,1.7,25.4,-0.7,-34.4,0,0,0,0,0,0,0,,,,HOLD / SCENE
71,143-144,5.917,odysseus,h,-0.5,9.1,-1.5,-180,0,-1.3,0,-0.4,13.7,1.7,25.4,-0.8,-34.4,0,0,0,0,0,0,0,,,,HOLD / SCENE
72,145-146,6,odysseus,h,-0.5,9.1,-1.5,-180,0,-1.3,0,-0.5,13.7,1.7,25.4,-0.8,-34.4,0,0,0,0,0,0,0,,,,HOLD / SCENE
73,147-148,6.083,odysseus,h,-0.5,9.1,-1.5,-180,0,-1.3,0,-0.6,13.7,1.7,25.4,-0.9,-34.4,0,0,0,0,0,0,0,,,,HOLD / SCENE
74,149-150,6.167,odysseus,h,-0.5,9.1,-1.5,-180,0,-1.3,0,-0.7,13.7,1.7,25.4,-1,-34.4,0,0,0,0,0,0,0,,,,HOLD / SCENE
75,151-152,6.25,odysseus,h,-0.5,9.1,-1.5,-180,0,-1.3,0.1,-0.8,13.7,1.7,25.4,-1,-34.4,0,0,0,0,0,0,0,,,,LOOK / HOLD / SCENE
76,153-154,6.333,odysseus,A,-0.5,9.1,-1.5,-180,0,-1.3,0.1,-0.9,13.7,1.7,25.8,2.1,-34.4,0,0,0,0,0,0,0,,,,LOOK / HOLD / SCENE
77,155-156,6.417,odysseus,h,-0.5,9.1,-1.5,-180,0,-1.3,0.1,-0.9,13.7,1.7,26.2,0.7,-34.4,0,0,0,0,0,0,0,,,,LOOK / HOLD / SCENE
78,157-158,6.5,odysseus,h,-0.5,9.1,-1.5,-180,0,-1.3,0.1,-1,13.7,1.7,26.5,-0.4,-34.4,0,0,0,0,0,0,0,,,,LOOK / HOLD / SCENE
79,159-160,6.583,odysseus,h,-0.5,9.1,-1.5,-180,0,-1.3,0.1,-1.1,13.7,1.7,26.6,-1.1,-34.4,0,0,0,0,0,0,0,,,,LOOK / HOLD / SCENE
80,161-162,6.667,odysseus,h,-0.5,9.1,-1.5,-180,0,-1.3,0.1,-1.2,13.7,1.7,26.7,-1.4,-34.4,0,0,0,0,0,0,0,,,,LOOK / HOLD / SCENE
81,163-164,6.75,odysseus,h,-0.5,9.1,-1.5,-180,0,-1,0,-1.3,13.7,1.3,26.3,-1.5,-34.4,0,0,0,0,0,0,0,,,,WEIGHT SHIFT / HOLD / SCENE
82,165-166,6.833,odysseus,A,-0.5,9.1,-1.5,-180,0,-0.2,0,-1.3,13.7,0.2,25.7,-1.5,-34.4,0,0,0,0,0,0,0,,,,WEIGHT SHIFT / HOLD / SCENE
83,167-168,6.917,odysseus,A,-0.5,9.1,-1.5,-180,0,0.7,0,-1.4,13.7,-1.1,25.4,-1.6,-34.4,0,0,0,0,0,0,0,,,,WEIGHT SHIFT / HOLD / SCENE
84,169-170,7,odysseus,A,-0.5,9.1,-1.5,-180,0,1.4,-0.1,-1.5,13.7,-2.1,25.4,-1.6,-34.4,0,0,0,0,0,0,0,,,,WEIGHT SHIFT / HOLD / SCENE
85,171-172,7.083,odysseus,h,-0.5,9.1,-1.5,-180,0,1.7,-0.1,-1.5,13.7,-2.6,25.4,-1.7,-34.4,0,0,0,0,0,0,0,,,,WEIGHT SHIFT / HOLD / SCENE
86,173-174,7.167,odysseus,h,-0.5,9.1,-1.5,-180,0,1.7,0,-1.6,13.7,-2.5,25.4,-1.7,-34.4,0,0,0,0,0,0,0,,,,WEIGHT SHIFT / HOLD / SCENE
87,175-176,7.25,odysseus,h,-0.5,9.1,-1.5,-180,0,1.7,0,-1.6,13.7,-2.5,25.4,-1.8,-34.4,0,0,0,0,0,0,0,,,,WEIGHT SHIFT / HOLD / SCENE
88,177-178,7.333,odysseus,h,-0.5,9.1,-1.5,-180,0,1.6,0,-1.7,13.7,-2.4,25.4,-1.8,-34.4,0,0,0,0,0,0,0,,,,WEIGHT SHIFT / HOLD / SCENE
89,179-180,7.417,odysseus,h,-0.5,9.1,-1.5,-180,0,1.6,0,-1.7,13.7,-2.4,25.4,-1.8,-34.4,0,0,0,0,0,0,0,,,,WEIGHT SHIFT / HOLD / SCENE
90,181-182,7.5,odysseus,h,-0.5,9.1,-1.5,-180,0,1.6,0,-1.7,13.7,-2.4,25.4,-1.8,-34.4,0,0,0,0,0,0,0,,,,WEIGHT SHIFT / HOLD / SCENE
91,183-184,7.583,odysseus,h,-0.5,9.1,-1.5,-180,0,1.6,0,-1.7,13.7,-2.3,25.4,-1.8,-34.4,0,0,0,0,0,0,0,,,,WEIGHT SHIFT / HOLD / SCENE
92,185-186,7.667,odysseus,h,-0.5,9.1,-1.5,-180,0,1.6,0,-1.7,13.7,-2.3,25.4,-1.8,-34.4,0,0,0,0,0,0,0,,,,WEIGHT SHIFT / HOLD / SCENE
93,187-188,7.75,odysseus,h,-0.5,9.1,-1.5,-180,0,1.5,0,-1.7,13.7,-2.2,25.4,-1.8,-34.4,0,0,0,0,0,0,0,,,,WEIGHT SHIFT / HOLD / SCENE
94,189-190,7.833,odysseus,h,-0.5,9.1,-1.5,-180,0,1.5,0,-1.6,13.7,-2.2,25.4,-1.8,-34.4,0,0,0,0,0,0,0,,,,WEIGHT SHIFT / HOLD / SCENE
95,191-192,7.917,odysseus,h,-0.5,9.1,-1.5,-180,0,1.5,0,-1.6,13.7,-2.1,25.4,-1.7,-34.4,0,0,0,0,0,0,0,,,,WEIGHT SHIFT / HOLD / SCENE
96,193-194,8,odysseus,h,-0.5,9.1,-1.5,-180,0,1.5,0,-1.5,13.7,-2.1,25.4,-1.6,-34.4,0,0,0,0,0,0,0,,,,WEIGHT SHIFT / HOLD / SCENE
97,195-196,8.083,odysseus,h,-0.5,9.1,-1.5,-180,0,1.4,0,-1.4,13.7,-2,25.4,-1.6,-34.4,0,0,0,0,0,0,0,,,,WEIGHT SHIFT / HOLD / SCENE
98,197-198,8.167,odysseus,h,-0.5,9.1,-1.5,-180,0,1.4,0,-1.3,13.7,-2,25.4,-1.5,-34.4,0,0,0,0,0,0,0,,,,WEIGHT SHIFT / HOLD / SCENE
99,199-200,8.25,odysseus,A,-0.5,9.1,-1.5,-180,0,1.4,0,0.2,13.7,-1.9,25.4,-1.4,-43.3,0,-13,0,0,0,0,0,,,,HAUL / ROPE / SCENE
100,201-202,8.333,odysseus,A,-0.5,9.1,-1.5,-180,0,1.4,-0.1,3.5,13.7,-1.9,25.4,-1.3,-63,0,-41.5,0,0,0,0,0,,,,HAUL / ROPE / SCENE
101,203-204,8.417,odysseus,A,-0.5,9.1,-1.5,-180,0,1.3,-0.1,6.8,13.7,-1.9,25.4,-1.2,-82.7,0,-70.1,0,0,0,0,0,,,,HAUL / ROPE / SCENE
102,205-206,8.5,odysseus,A,-0.5,9.1,-1.5,-180,0,1.3,-0.1,8.3,13.7,-1.8,25.4,-1.1,-91.7,0,-83.1,0,0,0,0,0,,,,HAUL / ROPE / SCENE
103,207-208,8.583,odysseus,A,-0.5,9.1,-1.5,-180,0,1.3,-0.1,1.8,13.7,-1.8,25.4,-1,-73.1,0,-69.7,0,0,0,0,0,,,,HAUL / ROPE / SCENE
104,209-210,8.667,odysseus,A,-0.5,9.1,-1.5,-180,0,1.3,-0.2,-3.2,13.7,-1.7,25.4,-0.9,-58.7,0,-59.2,0,0,0,0,0,,,,HAUL / ROPE / SCENE
105,211-212,8.75,odysseus,A,-0.5,9.1,-1.5,-180,0,1.3,-0.2,-6.8,13.7,-1.7,25.8,2.4,-48.4,0,-51.8,0,0,0,0,0,,,,LOOK / HOLD / SCENE
106,213-214,8.833,odysseus,A,-0.5,9.1,-1.5,-180,0,1.3,-0.2,-8.8,13.7,-1.7,26.2,1.1,-42.2,0,-47.3,0,0,0,0,0,,,,LOOK / HOLD / SCENE
107,215-216,8.917,odysseus,A,-0.5,9.1,-1.5,-180,0,1.3,-0.2,-9.5,13.7,-1.7,26.5,0.2,-40.1,0,-45.8,0,0,0,0,0,,,,LOOK / HOLD / SCENE
108,217-218,9,odysseus,A,-0.5,9.1,-1.5,-180,0,1.3,-0.1,-8.6,13.7,-1.7,26.6,-0.4,-42.3,0,-47.4,0,0,0,0,0,,,,LOOK / HOLD / SCENE
109,219-220,9.083,odysseus,A,-0.5,9.1,-1.5,-180,0,1.3,0,-6.5,13.7,-1.7,26.7,-0.5,-48.2,0,-51.7,0,0,0,0,0,,,,LOOK / HOLD / SCENE
110,221-222,9.167,odysseus,A,-0.5,9.1,-1.5,-180,0,1.3,0,-3.5,13.7,-1.7,26.3,-0.5,-56.4,0,-57.6,0,0,0,0,0,,,,LOOK / HOLD / SCENE
111,223-224,9.25,odysseus,A,-0.5,9.1,-1.5,-180,0,1.3,-0.1,0,13.7,-1.7,25.7,-0.4,-65.9,0,-64.5,0,0,0,0,0,,,,LOOK / HOLD / SCENE
112,225-226,9.333,odysseus,A,-0.5,9.1,-1.5,-180,0,1.3,-0.1,3.4,13.7,-1.7,25.4,-0.4,-75.4,0,-71.3,0,0,0,0,0,,,,HAUL / ROPE / SCENE
113,227-228,9.417,odysseus,A,-0.5,9.1,-1.5,-180,0,1.3,-0.1,6.3,13.7,-1.7,25.4,-0.4,-83.6,0,-77.3,0,0,0,0,0,,,,HAUL / ROPE / SCENE
114,229-230,9.5,odysseus,A,-0.5,9.1,-1.5,-180,0,1.3,-0.1,8.4,13.7,-1.7,25.4,-0.4,-89.5,0,-81.5,0,0,0,0,0,,,,HAUL / ROPE / SCENE
115,231-232,9.583,odysseus,A,-0.5,9.1,-1.5,-180,0,1.3,-0.1,9.1,13.7,-1.7,25.4,-0.4,-91.7,0,-83.1,0,0,0,0,0,,,,WEIGHT SHIFT / HOLD / SCENE
116,233-234,9.667,odysseus,A,-0.5,9.1,-1.5,-180,0,1,-0.2,2.5,13.7,-1.3,25.4,-0.4,-73.1,0,-69.7,0,0,0,0,0,,,,WEIGHT SHIFT / HOLD / SCENE
117,235-236,9.75,odysseus,A,-0.5,9.1,-1.5,-180,0,0.2,-0.2,-2.7,13.7,-0.2,25.4,-0.5,-58.7,0,-59.2,0,0,0,0,0,,,,WEIGHT SHIFT / HOLD / SCENE
118,237-238,9.833,odysseus,A,-0.5,9.1,-1.5,-180,0,-0.7,-0.2,-6.4,13.7,1.1,25.4,-0.5,-48.4,0,-51.8,0,0,0,0,0,,,,WEIGHT SHIFT / HOLD / SCENE
119,239-240,9.917,odysseus,A,-0.5,9.1,-1.5,-180,0,-1.4,-0.3,-8.6,13.7,2.1,25.4,-0.5,-42.2,0,-47.3,0,0,0,0,0,,,,WEIGHT SHIFT / HOLD / SCENE
120,241-242,10,odysseus,A,-0.5,9.1,-1.5,-180,0,-1.7,-0.3,-9.4,13.7,2.6,25.4,-0.6,-40.1,0,-45.8,0,0,0,0,0,,,,WEIGHT SHIFT / HOLD / SCENE
121,243-244,10.083,odysseus,A,-0.5,9.1,-1.5,-180,0,-1.7,-0.2,-8.5,13.7,2.5,25.4,-0.6,-43,0,-47.9,0,0,0,0,0,,,,WEIGHT SHIFT / HOLD / SCENE
122,245-246,10.167,odysseus,A,-0.5,9.1,-1.5,-180,0,-1.7,0,-5.9,13.7,2.5,25.4,-0.7,-50.3,0,-53.2,0,0,0,0,0,,,,WEIGHT SHIFT / HOLD / SCENE
123,247-248,10.25,odysseus,A,-0.5,9.1,-1.5,-180,0,-1.6,0,-2.4,13.7,2.4,25.4,-0.8,-60.4,0,-60.5,0,0,0,0,0,,,,WEIGHT SHIFT / HOLD / SCENE
124,249-250,10.333,odysseus,A,-0.5,9.1,-1.5,-180,0,-1.6,0,1.4,13.7,2.4,25.4,-0.8,-71.4,0,-68.4,0,0,0,0,0,,,,WEIGHT SHIFT / HOLD / SCENE
125,251-252,10.417,odysseus,A,-0.5,9.1,-1.5,-180,0,-1.6,-0.1,4.9,13.7,2.4,25.4,-0.9,-81.5,0,-75.7,0,0,0,0,0,,,,WEIGHT SHIFT / HOLD / SCENE
126,253-254,10.5,odysseus,A,-0.5,9.1,-1.5,-180,0,-1.6,-0.1,7.5,13.7,2.3,25.4,-1,-88.8,0,-81,0,0,0,0,0,,,,WEIGHT SHIFT / HOLD / SCENE
127,255-256,10.583,odysseus,A,-0.5,9.1,-1.5,-180,0,-1.6,-0.1,8.4,13.7,2.3,25.4,-1,-91.7,0,-83.1,0,0,0,0,0,,,,WEIGHT SHIFT / HOLD / SCENE
128,257-258,10.667,odysseus,A,-0.5,9.1,-1.5,-180,0,-1.5,-0.1,2.7,13.7,2.2,25.4,-1.1,-75.9,0,-71.7,0,0,0,0,0,,,,WEIGHT SHIFT / HOLD / SCENE
129,259-260,10.75,odysseus,A,-0.5,9.1,-1.5,-180,0,-1.5,-0.1,-2,13.7,2.2,25.4,-1.2,-63,0,-62.4,0,0,0,0,0,,,,WEIGHT SHIFT / HOLD / SCENE
130,261-262,10.833,odysseus,A,-0.5,9.1,-1.5,-180,0,-1.5,-0.2,-5.6,13.7,2.1,25.4,-1.3,-53,0,-55.1,0,0,0,0,0,,,,WEIGHT SHIFT / HOLD / SCENE
131,263-264,10.917,odysseus,A,-0.5,9.1,-1.5,-180,0,-1.5,-0.2,-8.2,13.7,2.1,25.4,-1.3,-45.8,0,-50,0,0,0,0,0,,,,WEIGHT SHIFT / HOLD / SCENE
132,265-266,11,odysseus,A,-0.5,9.1,-1.5,-180,0,-1.4,-0.2,-9.9,13.7,2,25.4,-1.4,-41.5,0,-46.9,0,0,0,0,0,,,,WEIGHT SHIFT / HOLD / SCENE
133,267-268,11.083,odysseus,A,-0.5,9.1,-1.5,-180,0,-1.4,-0.2,-10.4,13.7,2,25.4,-1.5,-40.1,0,-45.8,0,0,0,0,0,,,,WEIGHT SHIFT / HOLD / SCENE
134,269-270,11.167,odysseus,A,-0.5,9.1,-1.5,-180,0,-1.4,-0.1,-9.5,13.7,1.9,25.4,-1.5,-43,0,-47.9,0,0,0,0,0,,,,WEIGHT SHIFT / HOLD / SCENE
135,271-272,11.25,odysseus,A,-0.5,9.1,-1.5,-180,0,-1.4,0,-6.9,13.7,1.9,25.4,-1.6,-50.3,0,-53.2,0,0,0,0,0,,,,LOOK / HOLD / SCENE
136,273-274,11.333,odysseus,A,-0.5,9.1,-1.5,-180,0,-1.3,0,-3.4,13.7,1.9,25.8,1.6,-60.4,0,-60.5,0,0,0,0,0,,,,LOOK / HOLD / SCENE
137,275-276,11.417,odysseus,A,-0.5,9.1,-1.5,-180,0,-1.3,-0.1,0.4,13.7,1.8,26.1,0.4,-71.4,0,-68.4,0,0,0,0,0,,,,LOOK / HOLD / SCENE
138,277-278,11.5,odysseus,A,-0.5,9.1,-1.5,-180,0,-1.3,-0.1,3.9,13.7,1.8,26.3,-0.5,-81.5,0,-75.7,0,0,0,0,0,,,,LOOK / HOLD / SCENE
139,279-280,11.583,odysseus,A,-0.5,9.1,-1.5,-180,0,-1.3,-0.1,6.5,13.7,1.7,26.5,-1.2,-88.8,0,-81,0,0,0,0,0,,,,LOOK / HOLD / SCENE
140,281-282,11.667,odysseus,A,-0.5,9.1,-1.5,-180,0,-1.3,-0.1,7.5,13.7,1.7,26.6,-1.7,-91.7,0,-83.1,0,0,0,0,0,,,,LOOK / HOLD / SCENE
141,283-284,11.75,odysseus,A,-0.5,9.1,-1.5,-180,0,-1.3,-0.1,0.9,13.7,1.7,26.7,-1.8,-73.1,0,-69.7,0,0,0,0,0,,,,LOOK / HOLD / SCENE
142,285-286,11.833,odysseus,A,-0.5,9.1,-1.5,-180,0,-1.3,-0.2,-4.3,13.7,1.7,26.3,-1.8,-58.7,0,-59.2,0,0,0,0,0,,,,LOOK / HOLD / SCENE
143,287-288,11.917,odysseus,A,-0.5,9.1,-1.5,-180,0,-1.3,-0.2,-8,13.7,1.7,25.7,-1.8,-48.4,0,-51.8,0,0,0,0,0,,,,LOOK / HOLD / SCENE
144,289-290,12,odysseus,A,-0.5,9.1,-1.5,-180,0,-1.3,-0.2,-10.1,13.7,1.7,25.4,-1.8,-42.2,0,-47.3,0,0,0,0,0,,,,LOOK / HOLD / SCENE
145,291-292,12.083,odysseus,A,-0.5,9.1,-1.5,-180,0,-1.3,-0.2,-10.8,13.7,1.7,25.4,-1.8,-40.1,0,-45.8,0,0,0,0,0,,,,HAUL / ROPE / SCENE
146,293-294,12.167,odysseus,A,-0.5,9.1,-1.5,-180,0,-1.3,-0.1,-9.8,13.7,1.7,25.4,-1.8,-43,0,-47.9,0,0,0,0,0,,,,HAUL / ROPE / SCENE
147,295-296,12.25,odysseus,A,-0.5,9.1,-1.5,-180,0,-1.3,0,-7.1,13.7,1.7,25.4,-1.7,-50.3,0,-53.2,0,0,0,0,0,,,,HAUL / ROPE / SCENE
148,297-298,12.333,odysseus,A,-0.5,9.1,-1.5,-180,0,-1.3,0,-3.4,13.7,1.7,25.4,-1.6,-60.4,0,-60.5,0,0,0,0,0,,,,HAUL / ROPE / SCENE
149,299-300,12.417,odysseus,A,-0.5,9.1,-1.5,-180,0,-1.3,-0.1,0.5,13.7,1.7,25.4,-1.6,-71.4,0,-68.4,0,0,0,0,0,,,,HAUL / ROPE / SCENE
150,301-302,12.5,odysseus,A,-0.5,9.1,-1.5,-180,0,-1.3,-0.1,4.2,13.7,1.7,25.4,-1.5,-81.5,0,-75.7,0,0,0,0,0,,,,HAUL / ROPE / SCENE
151,303-304,12.583,odysseus,A,-0.5,9.1,-1.5,-180,0,-1.3,-0.1,6.9,13.7,1.7,25.4,-1.4,-88.8,0,-81,0,0,0,0,0,,,,HAUL / ROPE / SCENE
152,305-306,12.667,odysseus,A,-0.5,9.1,-1.5,-180,0,-1.3,-0.1,8.1,13.7,1.7,25.4,-1.3,-91.7,0,-83.1,0,0,0,0,0,,,,HAUL / ROPE / SCENE
153,307-308,12.75,odysseus,A,-0.5,9.1,-1.5,-180,0,-1.3,-0.1,1.6,13.7,1.7,25.4,-1.2,-73.1,0,-69.7,0,0,0,0,0,,,,HAUL / ROPE / SCENE
154,309-310,12.833,odysseus,A,-0.5,9.1,-1.5,-180,0,-1.3,-0.2,-3.4,13.7,1.7,25.4,-1.1,-58.7,0,-59.2,0,0,0,0,0,,,,HAUL / ROPE / SCENE
155,311-312,12.917,odysseus,A,-0.5,9.1,-1.5,-180,0,-1.3,-0.2,-7,13.7,1.7,25.4,-1,-48.4,0,-51.8,0,0,0,0,0,,,,HAUL / ROPE / SCENE
156,313-314,13,odysseus,A,-0.5,9.1,-1.5,-180,0,-1.3,-0.2,-9.1,13.7,1.7,25.4,-0.9,-42.2,0,-47.3,0,0,0,0,0,,,,HAUL / ROPE / SCENE
157,315-316,13.083,odysseus,A,-0.5,9.1,-1.5,-180,0,-1.3,-0.2,-9.7,13.7,1.7,25.4,-0.8,-40.1,0,-45.8,0,0,0,0,0,,,,HAUL / ROPE / SCENE
158,317-318,13.167,odysseus,A,-0.5,9.1,-1.5,-180,0,-1.3,-0.1,-8.6,13.7,1.7,25.4,-0.7,-43,0,-47.9,0,0,0,0,0,,,,HAUL / ROPE / SCENE
159,319-320,13.25,odysseus,A,-0.5,9.1,-1.5,-180,0,-1.3,0,-5.8,13.7,1.7,25.4,-0.7,-50.3,0,-53.2,0,0,0,0,0,,,,HAUL / ROPE / SCENE
160,321-322,13.333,odysseus,A,-0.5,9.1,-1.5,-180,0,-1.3,0,-2.2,13.7,1.7,25.4,-0.6,-60.4,0,-60.5,0,0,0,0,0,,,,HAUL / ROPE / SCENE
161,323-324,13.417,odysseus,A,-0.5,9.1,-1.5,-180,0,-1.3,0,1.8,13.7,1.7,25.4,-0.5,-71.4,0,-68.4,0,0,0,0,0,,,,HAUL / ROPE / SCENE
162,325-326,13.5,odysseus,A,-0.5,9.1,-1.5,-180,0,-1.3,-0.1,5.4,13.7,1.7,25.4,-0.5,-81.5,0,-75.7,0,0,0,0,0,,,,HAUL / ROPE / SCENE
163,327-328,13.583,odysseus,A,-0.5,9.1,-1.5,-180,0,-1.3,-0.1,8.1,13.7,1.7,25.4,-0.4,-88.8,0,-81,0,0,0,0,0,,,,HAUL / ROPE / SCENE
164,329-330,13.667,odysseus,A,-0.5,9.1,-1.5,-180,0,-1.3,-0.1,9.2,13.7,1.7,25.4,-0.4,-91.7,0,-83.1,0,0,0,0,0,,,,HAUL / ROPE / SCENE
165,331-332,13.75,odysseus,A,-0.5,9.1,-1.5,-180,0,-1.3,-0.1,3.6,13.7,1.7,25.8,2.9,-75.9,0,-71.7,0,0,0,0,0,,,,LOOK / HOLD / SCENE
166,333-334,13.833,odysseus,A,-0.5,9.1,-1.5,-180,0,-1.3,-0.1,-1,13.7,1.7,26.2,1.4,-63,0,-62.4,0,0,0,0,0,,,,LOOK / HOLD / SCENE
167,335-336,13.917,odysseus,A,-0.5,9.1,-1.5,-180,0,-1.3,-0.2,-4.6,13.7,1.7,26.5,0.4,-53,0,-55.1,0,0,0,0,0,,,,LOOK / HOLD / SCENE
168,337-338,14,odysseus,A,-0.5,9.1,-1.5,-180,0,-1.3,-0.2,-7.2,13.7,1.7,26.6,-0.2,-45.8,0,-50,0,0,0,0,0,,,,LOOK / HOLD / SCENE
169,339-340,14.083,odysseus,A,-0.5,9.1,-1.5,-180,0,-1.3,-0.2,-8.7,13.7,1.7,26.7,-0.5,-41.5,0,-46.9,0,0,0,0,0,,,,LOOK / HOLD / SCENE
170,341-342,14.167,odysseus,A,-0.5,9.1,-1.5,-180,0,-1.3,-0.2,-9.3,13.7,1.7,26.3,-0.5,-40.1,0,-45.8,0,0,0,0,0,,,,LOOK / HOLD / SCENE
171,343-344,14.25,odysseus,A,-0.5,9.1,-1.5,-180,0,-1,-0.1,-7,13.7,1.4,25.7,-0.5,-38.6,0,-34,0,0,0,0,0,,,,WEIGHT SHIFT / HOLD / SCENE
172,345-346,14.333,odysseus,A,-0.5,9.1,-1.5,-180,0,-0.5,0,-2.6,13.7,0.6,25.4,-0.6,-35.9,0,-11.9,0,0,0,0,0,,,,WEIGHT SHIFT / HOLD / SCENE
173,347-348,14.417,odysseus,A,-0.5,9.1,-1.5,-180,0,0.2,0,-0.3,13.7,-0.4,25.4,-0.6,-34.4,0,0,0,0,0,0,0,,,,WEIGHT SHIFT / HOLD / SCENE
174,349-350,14.5,odysseus,A,-0.5,9.1,-1.5,-180,0,0.9,-0.1,-0.4,13.7,-1.5,25.4,-0.7,-34.4,0,0,0,0,0,0,0,,,,WEIGHT SHIFT / HOLD / SCENE
318,637-638,26.5,odysseus,h,-1.3,9.1,10.8,-3.6,0,1.3,0,3.4,0,-0.6,0,1.6,-87.6,0,-29.8,0,0,0,-20.6,20.6,,,,WALK / APPROACH / SCENE
319,639-640,26.583,odysseus,A,-1.3,9.1,11.3,-3.6,0,1.3,0.1,3.4,0,0,0,0,-111.3,0,-10.9,0,0,0,6.6,-6.6,,,,WALK / APPROACH / SCENE
320,641-642,26.667,odysseus,A,-1.3,9.1,11.9,-3.6,0,1.3,0,3.4,0,0.6,0,-1.5,-132,0,5,0,0,0,29.7,-29.7,,,,WALK / APPROACH / SCENE
321,643-644,26.75,odysseus,A,-1.4,9.1,12.4,-3.6,0,1.3,-0.2,3.4,0,2.6,0,0,-139.5,0,7.8,0,0,0,34.6,-34.6,,,,WALK / APPROACH / SCENE
322,645-646,26.833,odysseus,A,-1.4,9.1,13,-3.6,0,1.3,0,3.4,0,0.6,0,1.6,-131.7,0,-4.8,0,0,0,18.5,-18.5,,,,WALK / APPROACH / SCENE
323,647-648,26.917,odysseus,A,-1.4,9.1,13.5,-3.6,0,1.3,0.1,3.4,0,0,0,0,-115.8,0,-25.4,0,0,0,-8.7,8.7,,,,WALK / APPROACH / SCENE
324,649-650,27,odysseus,A,-1.5,9.1,14,-3.6,0,1.3,0,3.4,0,-0.6,0,-1.5,-103.6,0,-42.1,0,0,0,-30.6,30.6,,,,WALK / APPROACH / SCENE
325,651-652,27.083,odysseus,A,-1.5,9.1,14.6,-3.6,0,1.3,-0.2,3.4,0,-2.6,0,0,-104.5,0,-45.6,0,0,0,-34.4,34.4,,,,WALK / APPROACH / SCENE
326,653-654,27.167,odysseus,A,-1.5,9.1,15.1,-3.6,0,1.3,0,3.4,0,-0.6,0,1.6,-119.7,0,-34.7,0,0,0,-18.3,18.3,,,,WALK / APPROACH / SCENE
327,655-656,27.25,odysseus,A,-1.6,9.1,15.6,-3.6,0,1.3,0.1,3.4,0,0,0,0,-142.3,0,-16.3,0,0,0,8.1,-8.1,,,,WALK / APPROACH / SCENE
328,657-658,27.333,odysseus,A,-1.6,9.1,16.1,-3.6,0,1.3,0,3.4,0,0.6,0,-1.5,-161.4,0,-1.3,0,0,0,29.7,-29.7,,,,TAKE UP ARMS / ARM / SCENE
329,659-660,27.417,odysseus,A,-1.6,9.1,16.6,-3.6,0,1.3,-0.2,4.7,0,2.6,0,0,-160.3,0,1.8,0,0,0,35,-35,,,,TAKE UP ARMS / ARM / SCENE
330,661-662,27.5,odysseus,A,-1.7,9.1,17.1,-3.6,0,1.3,-0.1,7.9,0,0.6,0,1.6,-134.2,0,-8.6,0,0,0,21.6,-21.6,,,,TAKE UP ARMS / ARM / SCENE
331,663-664,27.583,odysseus,A,-1.7,9.1,17.6,-3.6,0,1.3,0,11.6,0,0,0,0,-96.2,0,-26.9,0,0,0,-2.7,2.7,,,,TAKE UP ARMS / ARM / SCENE
332,665-666,27.667,odysseus,A,-1.7,9.1,18.1,-3.6,0,1.3,-0.2,14.7,0,-0.6,0,-1.5,-63,0,-43.9,0,0,0,-25.4,25.4,,,,TAKE UP ARMS / ARM / SCENE
333,667-668,27.75,odysseus,A,-1.8,9.1,18.6,-3.6,0,1.3,-0.4,16,0,-2.6,0,0,-50.1,0,-51.8,0,0,0,-35.4,35.4,,,,TAKE UP ARMS / ARM / SCENE
334,669-670,27.833,odysseus,A,-1.8,9.1,19.1,-3.5,0,1.3,-0.3,14.9,0,-1.1,0,1.6,-47.1,0,-47.4,0,0,0,-28.8,28.8,,,,TAKE UP ARMS / ARM / SCENE
335,671-672,27.917,odysseus,A,-1.8,9.1,19.5,-3.2,0,1.3,-0.1,12.9,0,-0.3,0,0.8,-44.6,0,-33.7,0,0,0,-9.3,9.3,,,,TAKE UP ARMS / ARM / SCENE
336,673-674,28,odysseus,A,-1.8,9.1,20,-2.8,0,1.3,-0.1,11.8,0,0,0,-0.7,-53.1,0,-17.4,0,0,0,13.8,-13.8,,,,CHOP / TOOL_WORK / SCENE
337,675-676,28.083,odysseus,A,-1.9,9.1,20.4,-2.2,0,1.3,-0.1,11,0,0.5,0,-1.5,-69.6,0,-11.2,0,0,0,28.8,-28.8,,,,CHOP / TOOL_WORK / SCENE
338,677-678,28.167,odysseus,A,-1.9,9.1,20.8,-1.7,0,1.3,-0.3,8.8,0,1.9,0,-0.2,-81.8,0,-25.8,0,0,0,27,-27,,,,CHOP / TOOL_WORK / SCENE
339,679-680,28.25,odysseus,A,-1.9,9.1,21.3,-1.1,0,1.3,-0.1,5.1,0,0.8,0,1.1,-94,0,-56.8,0,0,0,14.3,-14.3,,,,CHOP / TOOL_WORK / SCENE
340,681-682,28.333,odysseus,A,-1.9,9.1,21.7,-0.6,0,1.3,0,0.9,0,0.2,0,0.6,-114.8,0,-95.7,0,0,0,2.7,-2.7,,,,CHOP / TOOL_WORK / SCENE
341,683-684,28.417,odysseus,A,-2,9.1,22,-0.2,0,1.3,0.1,-4,0,0,0,-0.2,-149,0,-137.5,0,0,0,-1.2,1.2,,,,CHOP / TOOL_WORK / SCENE
342,685-686,28.5,odysseus,A,-2,9.1,22.4,0,0,1.3,-0.2,6.8,0,0,0,-0.6,-88.9,0,-86.3,0,0,0,-0.1,0.1,,,,CHOP / TOOL_WORK / SCENE
343,687-688,28.583,odysseus,A,-2,9.1,22.5,0,0,1.3,-0.3,13.3,0,0,0,-0.6,-52.3,0,-55.9,0,0,0,0,0,,,,LOOK / HOLD / SCENE
344,689-690,28.667,odysseus,A,-2,9.1,22.5,0,0,1.3,-0.4,15.5,0.6,0,17,2.7,-40.1,0,-45.8,0,0,0,0,0,,,TOOL:,LOOK / HOLD / SCENE
345,691-692,28.75,odysseus,A,-2,9.1,22.5,0,0,1.3,-0.3,14.7,2.2,0,32.1,2.1,-43.4,0,-47.5,0,0,0,0,0,,,TOOL:,LOOK / HOLD / SCENE
346,693-694,28.833,odysseus,A,-2,9.1,22.5,0,0,1.3,-0.3,13.1,4.7,0,45.1,1.6,-50.7,0,-51.8,0,0,0,0,0,,,,LOOK / HOLD / SCENE
347,695-696,28.917,odysseus,A,-2,9.1,22.5,0,0,1.3,-0.2,11.5,7.7,0,56.1,1.1,-58,0,-57.3,0,0,0,0,0,,,,LOOK / HOLD / SCENE
348,697-698,29,odysseus,A,-2,9.1,22.5,0,0,1.3,-0.1,10.8,11.1,0,65.2,0.7,-61.3,0,-62.8,0,0,0,0,0,,,,CHOP / GESTURE / SCENE
349,699-700,29.083,odysseus,A,-2,9.1,22.5,0,0,1.3,-0.1,1.4,14.6,0,72.2,2,-133.5,2.7,-67.1,0,-0.6,0,0,0,,,,CHOP / GESTURE / SCENE
350,701-702,29.167,odysseus,A,-2,9.1,22.5,0,0,1.3,-0.1,-1.7,18,0,77.2,2.7,-157.6,4.2,-68.8,0,-2.3,0,0,0,,,,CHOP / GESTURE / SCENE
351,703-704,29.25,odysseus,A,-2,9.1,22.5,0,0,1.3,-0.1,3.2,21.1,0,80.2,2.9,-183.3,4.8,-58.4,0,-4.5,0,0,0,,,,CHOP / GESTURE / SCENE
352,705-706,29.333,odysseus,A,-2,9.1,22.5,0,0,1.3,0,4.9,23.5,0,81.2,2.8,-183.3,4.9,-39,0,-6.9,0,0,0,,,,CHOP / GESTURE / SCENE
353,707-708,29.417,odysseus,A,-2,9.1,22.5,0,0,1.3,0,4.9,25.2,0,80.2,2.8,-183.3,4.7,-28.6,0,-9.2,0,0,0,,,,CHOP / GESTURE / SCENE
354,709-710,29.5,odysseus,h,-2,9.1,22.5,0,0,1.3,0,4.6,25.8,0,78.4,2.6,-183.3,4.6,-28.6,0,-10.8,0,0,0,,,,CHOP / GESTURE / SCENE
355,711-712,29.583,odysseus,h,-2,9.1,22.5,0,0,1.3,0,4.4,25.8,0,77.3,2.5,-183.3,4.4,-28.6,0,-11.5,0,0,0,,,,CHOP / GESTURE / SCENE
356,713-714,29.667,odysseus,h,-2,9.1,22.5,0,0,1.3,0,4.2,25.8,0,77.3,2.3,-183.3,4.3,-28.6,0,-11.3,0,0,0,,,,CHOP / GESTURE / SCENE
357,715-716,29.75,odysseus,h,-2,9.1,22.5,0,0,1.3,0,4.1,25.8,0,77.3,2,-183.3,4.2,-28.6,0,-10.7,0,0,0,,,,CHOP / GESTURE / SCENE
358,717-718,29.833,odysseus,h,-2,9.1,22.5,0,0,1.3,0,3.9,25.8,0,77.3,1.8,-183.3,4,-28.6,0,-9.9,0,0,0,,,,CHOP / GESTURE / SCENE
359,719-720,29.917,odysseus,h,-2,9.1,22.5,0,0,1.3,0,3.7,25.8,0,77.3,1.6,-183.3,3.9,-28.6,0,-8.9,0,0,0,,,,CHOP / GESTURE / SCENE
360,721-722,30,odysseus,h,-2,9.1,22.5,0,0,1.3,0,3.6,25.8,0,77.3,1.3,-183.3,3.7,-28.6,0,-7.7,0,0,0,,,,CHOP / GESTURE / SCENE
361,723-724,30.083,odysseus,h,-2,9.1,22.5,0,0,1.3,0,3.4,25.8,0,77.3,1.1,-183.3,3.6,-28.6,0,-6.4,0,0,0,,,,LOOK / HOLD / SCENE
362,725-726,30.167,odysseus,A,-2,9.1,22.5,0,0,1.3,0,3.2,25.8,0,78.2,3.7,-183.3,3.4,-28.6,0,-5.1,0,0,0,,,,LOOK / HOLD / SCENE
363,727-728,30.25,odysseus,h,-2,9.1,22.5,0,0,1.3,0,3,25.8,0,78.9,2.8,-183.3,3.2,-28.6,0,-3.8,0,0,0,,,,LOOK / HOLD / SCENE
364,729-730,30.333,odysseus,h,-2,9.1,22.5,0,0,1.3,0,2.4,25.8,0,79.5,2,-183.3,2.5,-28.6,0,-2.6,0,0,0,,,,LOOK / HOLD / SCENE
365,731-732,30.417,odysseus,h,-2,9.1,22.5,0,0,1.3,0,1.6,25.8,0,80,1.4,-183.3,1.7,-28.6,0,-1.5,0,0,0,,,,LOOK / HOLD / SCENE
366,733-734,30.5,odysseus,A,-2,9.1,22.5,0,0,1.3,0,0.8,25.8,0,80.5,0.8,-176,0.9,-28.6,0,-0.7,0,0,0,,,,LOOK / HOLD / SCENE
367,735-736,30.583,odysseus,A,-2,9.1,22.5,0,0,1.3,0,0.2,25.8,0,80.8,0.4,-169,0.3,-28.6,0,-0.2,0,0,0,,,,LOOK / HOLD / SCENE
368,737-738,30.667,odysseus,A,-2,9.1,22.5,0,0,1.3,0,0,25.8,0,81,0.2,-166.2,0,-28.6,0,0,0,0,0,,,,LOOK / HOLD / SCENE
369,739-740,30.75,odysseus,h,-2,9.1,22.5,0,0,1.3,0,0,25.8,0,81.2,0,-166.2,0,-28.6,0,0,0,0,0,,,,LOOK / HOLD / SCENE
370,741-742,30.833,odysseus,h,-2,9.1,22.5,0,0,1.3,0,0,25.8,0,81.2,0,-166.2,0,-28.6,0,0,0,0,0,,,,LOOK / HOLD / SCENE
371,743-744,30.917,odysseus,h,-2,9.1,22.5,0,0,1.3,0,0,25.8,0,80.2,0,-166.2,0,-28.6,0,0,0,0,0,,,,LOOK / HOLD / SCENE
372,745-746,31,odysseus,h,-2,9.1,22.5,0,0,1.3,0,0,25.8,0,78.4,0,-166.2,0,-28.6,0,0,0,0,0,,,,LOOK / HOLD / SCENE
373,747-748,31.083,odysseus,h,-2,9.1,22.5,0,0,1.3,0,0,25.8,0,77.3,0,-166.2,0,-28.6,0,0,0,0,0,,,,HOLD / SCENE
374,749-750,31.167,odysseus,h,-2,9.1,22.5,0,0,1.3,0,0,25.8,0,77.3,0,-166.2,0,-28.6,0,0,0,0,0,,,,HOLD / SCENE
375,751-752,31.25,odysseus,h,-2,9.1,22.5,0,0,1.3,0,0,25.8,-0.3,77.3,0,-166.2,0,-28.6,0,0,0,0,0,,,,WEIGHT SHIFT / HOLD / SCENE
376,753-754,31.333,odysseus,h,-2,9.1,22.5,0,0,1.4,0,0,25.8,-0.9,77.3,0,-166.2,0,-28.6,0,0,0,0,0,,,,WEIGHT SHIFT / HOLD / SCENE
377,755-756,31.417,odysseus,h,-2,9.1,22.5,0,0,1.6,-0.1,0,25.8,-1.7,77.3,0,-166.2,0,-28.6,0,0,0,0,0,,,,WEIGHT SHIFT / HOLD / SCENE
378,757-758,31.5,odysseus,h,-2,9.1,22.5,0,0,1.7,-0.1,0,25.8,-2.3,77.3,0,-166.2,0,-28.6,0,0,0,0,0,,,,WEIGHT SHIFT / HOLD / SCENE
379,759-760,31.583,odysseus,h,-2,9.1,22.5,0,0,1.7,-0.1,0,25.8,-2.6,77.3,0,-166.2,0,-28.6,0,0,0,0,0,,,,WEIGHT SHIFT / HOLD / SCENE
380,761-762,31.667,odysseus,h,-2,9.1,22.5,0,0,1.7,0,0,25.8,-2.5,77.3,0,-166.2,0,-28.6,0,0,0,0,0,,,,WEIGHT SHIFT / HOLD / SCENE
381,763-764,31.75,odysseus,h,-2,9.1,22.5,0,0,1.7,0,0,25.8,-2.5,77.3,0,-166.2,0,-28.6,0,0,0,0,0,,,,WEIGHT SHIFT / HOLD / SCENE
382,765-766,31.833,odysseus,h,-2,9.1,22.5,0,0,1.6,0,0,25.8,-2.4,77.3,0,-166.2,0,-28.6,0,0,0,0,0,,,,WEIGHT SHIFT / HOLD / SCENE
383,767-768,31.917,odysseus,h,-2,9.1,22.5,0,0,1.6,0,0,25.8,-2.4,77.3,0,-166.2,0,-28.6,0,0,0,0,0,,,,WEIGHT SHIFT / HOLD / SCENE
384,769-770,32,odysseus,h,-2,9.1,22.5,0,0,1.6,0,0,25.8,-2.4,77.3,0,-166.2,0,-28.6,0,0,0,0,0,,,,WEIGHT SHIFT / HOLD / SCENE
385,771-772,32.083,odysseus,h,-2,9.1,22.5,0,0,1.6,0,0,25.8,-2.3,77.3,0,-166.2,0,-28.6,0,0,0,0,0,,,,WEIGHT SHIFT / HOLD / SCENE
386,773-774,32.167,odysseus,h,-2,9.1,22.5,0,0,1.6,0,0,25.8,-2.3,77.3,0,-166.2,0,-28.6,0,0,0,0,0,,,,WEIGHT SHIFT / HOLD / SCENE
387,775-776,32.25,odysseus,h,-2,9.1,22.5,0,0,1.5,0,0,25.8,-2.2,77.3,0,-166.2,0,-28.6,0,0,0,0,0,,,,WEIGHT SHIFT / HOLD / SCENE
388,777-778,32.333,odysseus,h,-2,9.1,22.5,0,0,1.5,0,0,25.8,-2.2,77.3,0,-166.2,0,-28.6,0,0,0,0,0,,,,WEIGHT SHIFT / HOLD / SCENE
389,779-780,32.417,odysseus,h,-2,9.1,22.5,0,0,1.5,0,0,25.8,-2.1,77.3,0,-166.2,0,-28.6,0,0,0,0,0,,,,WEIGHT SHIFT / HOLD / SCENE
390,781-782,32.5,odysseus,h,-2,9.1,22.5,0,0,1.5,0,0,25.8,-2.1,77.3,0,-166.2,0,-28.6,0,0,0,0,0,,,,WEIGHT SHIFT / HOLD / SCENE
391,783-784,32.583,odysseus,h,-2,9.1,22.5,0,0,1.4,0,0,25.8,-2,77.3,0,-166.2,0,-28.6,0,0,0,0,0,,,,WEIGHT SHIFT / HOLD / SCENE
392,785-786,32.667,odysseus,h,-2,9.1,22.5,0,0,1.4,0,0,25.8,-2,77.3,0,-166.2,0,-28.6,0,0,0,0,0,,,,WEIGHT SHIFT / HOLD / SCENE
393,787-788,32.75,odysseus,h,-2,9.1,22.5,0,0,1.4,0,0,25.8,-1.9,77.3,0,-166.2,0,-28.6,0,0,0,0,0,,,,LOOK / HOLD / SCENE
394,789-790,32.833,odysseus,A,-2,9.1,22.5,0,0,1.4,0,0,25.8,-1.9,78.2,2.9,-166.2,0,-28.6,0,0,0,0,0,,,,LOOK / HOLD / SCENE
395,791-792,32.917,odysseus,h,-2,9.1,22.5,0,0,1.3,0,0,25.8,-1.9,78.9,2.2,-166.2,0,-28.6,0,0,0,0,0,,,,LOOK / HOLD / SCENE
396,793-794,33,odysseus,h,-2,9.1,22.5,0,0,1.3,0,0,25.8,-1.8,79.5,1.6,-166.2,0,-28.6,0,0,0,0,0,,,,LOOK / HOLD / SCENE
397,795-796,33.083,odysseus,h,-2,9.1,22.5,0,0,1.3,0,0,25.8,-1.8,80,1.1,-166.2,0,-28.6,0,0,0,0,0,,,,LOOK / HOLD / SCENE
398,797-798,33.167,odysseus,h,-2,9.1,22.5,0,0,1.3,0,0,25.8,-1.7,80.5,0.7,-166.2,0,-28.6,0,0,0,0,0,,,,LOOK / HOLD / SCENE
399,799-800,33.25,odysseus,h,-2,9.1,22.5,0,0,1.3,0,0,25.8,-1.7,80.8,0.4,-166.2,0,-28.6,0,0,0,0,0,,,,LOOK / HOLD / SCENE
400,801-802,33.333,odysseus,h,-2,9.1,22.5,0,0,1.3,0,0,25.8,-1.7,81,0.2,-166.2,0,-28.6,0,0,0,0,0,,,,LOOK / HOLD / SCENE
401,803-804,33.417,odysseus,h,-2,9.1,22.5,0,0,1.3,0,0,25.8,-1.7,81.2,0,-166.2,0,-28.6,0,0,0,0,0,,,,LOOK / HOLD / SCENE
402,805-806,33.5,odysseus,h,-2,9.1,22.5,0,0,1.3,0,0,25.8,-1.7,81.2,0,-166.2,0,-28.6,0,0,0,0,0,,,,LOOK / HOLD / SCENE
403,807-808,33.583,odysseus,h,-2,9.1,22.5,0,0,1.3,0,0,25.8,-1.7,80.2,0,-166.2,0,-28.6,0,0,0,0,0,,,,LOOK / HOLD / SCENE
404,809-810,33.667,odysseus,h,-2,9.1,22.5,0,0,1.3,0,0,25.8,-1.7,78.4,0,-166.2,0,-28.6,0,0,0,0,0,,,,LOOK / HOLD / SCENE
405,811-812,33.75,odysseus,h,-2,9.1,22.5,0,0,1.3,0,0,25.8,-1.7,77.3,0,-166.2,0,-28.6,0,0,0,0,0,,,,LOOK / HOLD / SCENE
406,813-814,33.833,odysseus,h,-2,9.1,22.5,0,0,1.3,0,0,25.8,-1.7,77.3,0,-166.2,0,-28.6,0,0,0,0,0,,,,HOLD / SCENE
407,815-816,33.917,odysseus,h,-2,9.1,22.5,0,0,1.3,0,0,25.8,-1.7,77.3,0,-166.2,0,-28.6,0,0,0,0,0,,,,HOLD / SCENE
408,817-818,34,odysseus,h,-2,9.1,22.5,0,0,1.3,0,0,25.8,-1.7,77.3,0,-166.2,0,-28.6,0,0,0,0,0,,,,HOLD / SCENE
409,819-820,34.083,odysseus,h,-2,9.1,22.5,0,0,1.3,0,0,25.8,-1.7,77.3,0,-166.2,0,-28.6,0,0,0,0,0,,,,HOLD / SCENE
410,821-822,34.167,odysseus,h,-2,9.1,22.5,0,0,1.3,0,0,25.8,-1.7,77.3,0,-166.2,0,-28.6,0,0,0,0,0,,,,HOLD / SCENE
411,823-824,34.25,odysseus,h,-2,9.1,22.5,0,0,1.3,0,0,25.8,-1.7,77.3,0,-166.2,0,-28.6,0,0,0,0,0,,,,HOLD / SCENE
412,825-826,34.333,odysseus,h,-2,9.1,22.5,0,0,1.3,0,0,25.8,-1.7,77.3,0,-166.2,0,-28.6,0,0,0,0,0,,,,HOLD / SCENE
413,827-828,34.417,odysseus,h,-2,9.1,22.5,0,0,1.3,0,0,25.8,-1.7,77.3,0,-166.2,0,-28.6,0,0,0,0,0,,,,HOLD / SCENE
414,829-830,34.5,odysseus,h,-2,9.1,22.5,0,0,1.3,0,0,25.8,-1.7,77.3,0,-166.2,0,-28.6,0,0,0,0,0,,,,HOLD / SCENE
415,831-832,34.583,odysseus,h,-2,9.1,22.5,0,0,1.3,0,0,25.8,-1.7,77.3,0,-166.2,0,-28.6,0,0,0,0,0,,,,HOLD / SCENE
416,833-834,34.667,odysseus,h,-2,9.1,22.5,0,0,1.3,0,0,25.8,-1.7,77.3,0,-166.2,0,-28.6,0,0,0,0,0,,,,HOLD / SCENE
417,835-836,34.75,odysseus,h,-2,9.1,22.5,0,0,1.3,0,0,25.8,-1.7,77.3,0,-166.2,0,-28.6,0,0,0,0,0,,,,HOLD / SCENE
418,837-838,34.833,odysseus,h,-2,9.1,22.5,0,0,1.3,0,0,25.8,-1.7,77.3,0,-166.2,0,-28.6,0,0,0,0,0,,,,HOLD / SCENE
