# servo timeline for OD-B10-S02 (tools/perform/hardware.js): rows where a channel moves (and where it stops); power is an estimate from a stated model (a 0.30 m puppet; see the file header of hardware.js), not a measurement
# calibration on a rig: encoder velocity -> angular velocity; IMU -> root acceleration; V x I -> electrical power; motor thermistor -> a first-order response to I^2 R, the same form as the motion heat T_m
actor,channel,t,angle_deg,velocity_deg_s,limit_lo_deg,limit_hi_deg,torque_Nm,power_W_est
odysseus,root.h,0,-180,0,,,0,0
odysseus,root.h,24.417,-179,11.9,,,0,0
odysseus,root.h,24.5,-167.2,141.7,,,0,0
odysseus,root.h,24.583,-145,266.3,,,0,0
odysseus,root.h,24.667,-116.2,345.9,,,0,0
odysseus,root.h,24.75,-84.5,380.6,,,0,0
odysseus,root.h,24.833,-53.6,370.3,,,0,0
odysseus,root.h,24.917,-27.4,315,,,0,0
odysseus,root.h,25,-9.4,214.8,,,0,0
odysseus,root.h,25.083,-3.6,70.5,,,0,0
odysseus,root.h,25.167,-3.6,0,,,0,0
odysseus,root.h,27.833,-3.5,0.7,,,0,0
odysseus,root.h,27.917,-3.2,3.3,,,0,0
odysseus,root.h,28,-2.8,5.3,,,0,0
odysseus,root.h,28.083,-2.2,6.6,,,0,0
odysseus,root.h,28.167,-1.7,7.1,,,0,0
odysseus,root.h,28.25,-1.1,7,,,0,0
odysseus,root.h,28.333,-0.6,6.1,,,0,0
odysseus,root.h,28.417,-0.2,4.5,,,0,0
odysseus,root.h,28.5,0,2.2,,,0,0
odysseus,root.h,28.583,0,0.1,,,0,0
odysseus,root.h,34.833,0,0,,,0,0
odysseus,root.pitch,0,0,0,,,0,0
odysseus,root.pitch,34.833,0,0,,,0,0
odysseus,root.roll,0,0,0,,,0,0
odysseus,root.roll,2.083,-0.2,-2.1,,,0,0
odysseus,root.roll,2.167,-0.6,-5.1,,,0,0
odysseus,root.roll,2.25,-1.1,-6.1,,,0,0
odysseus,root.roll,2.333,-1.5,-5.1,,,0,0
odysseus,root.roll,2.417,-1.7,-2.1,,,0,0
odysseus,root.roll,2.5,-1.7,0.3,,,0,0
odysseus,root.roll,6.75,-1,3.7,,,0,0
odysseus,root.roll,6.833,-0.2,8.9,,,0,0
odysseus,root.roll,6.917,0.7,10.6,,,0,0
odysseus,root.roll,7,1.4,8.9,,,0,0
odysseus,root.roll,7.083,1.7,3.7,,,0,0
odysseus,root.roll,7.167,1.7,-0.3,,,0,0
odysseus,root.roll,9.667,1,-3.7,,,0,0
odysseus,root.roll,9.75,0.2,-8.9,,,0,0
odysseus,root.roll,9.833,-0.7,-10.6,,,0,0
odysseus,root.roll,9.917,-1.4,-8.9,,,0,0
odysseus,root.roll,10,-1.7,-3.7,,,0,0
odysseus,root.roll,10.083,-1.7,0.3,,,0,0
odysseus,root.roll,14.25,-1,2.6,,,0,0
odysseus,root.roll,14.333,-0.5,6.6,,,0,0
odysseus,root.roll,14.417,0.2,8.6,,,0,0
odysseus,root.roll,14.5,0.9,8.6,,,0,0
odysseus,root.roll,14.583,1.5,6.6,,,0,0
odysseus,root.roll,14.667,1.7,2.6,,,0,0
odysseus,root.roll,14.75,1.7,-0.3,,,0,0
odysseus,root.roll,18.667,1,-2.6,,,0,0
odysseus,root.roll,18.75,0.5,-6.6,,,0,0
odysseus,root.roll,18.833,-0.2,-8.6,,,0,0
odysseus,root.roll,18.917,-0.9,-8.6,,,0,0
odysseus,root.roll,19,-1.5,-6.6,,,0,0
odysseus,root.roll,19.083,-1.7,-2.6,,,0,0
odysseus,root.roll,19.167,-1.7,0.3,,,0,0
odysseus,root.roll,23.583,-1,3.7,,,0,0
odysseus,root.roll,23.667,-0.2,8.9,,,0,0
odysseus,root.roll,23.75,0.7,10.6,,,0,0
odysseus,root.roll,23.833,1.4,8.9,,,0,0
odysseus,root.roll,23.917,1.7,3.7,,,0,0
odysseus,root.roll,24,1.7,-0.3,,,0,0
odysseus,root.roll,31.25,1.3,0.6,,,0,0
odysseus,root.roll,31.333,1.4,1.4,,,0,0
odysseus,root.roll,31.417,1.6,1.6,,,0,0
odysseus,root.roll,31.5,1.7,1.4,,,0,0
odysseus,root.roll,31.583,1.7,0.6,,,0,0
odysseus,root.roll,31.667,1.7,-0.3,,,0,0
odysseus,root.roll,34.833,1.3,0,,,0,0
odysseus,torso.lean,0,0,0,-17.2,21.8,0,0
odysseus,torso.lean,0.75,-0.2,-0.5,-17.2,21.8,0.0013,0
odysseus,torso.lean,0.833,-0.3,-0.6,-17.2,21.8,0.0015,0
odysseus,torso.lean,0.917,-0.3,-0.6,-17.2,21.8,0.0018,0
odysseus,torso.lean,1,-0.4,-0.7,-17.2,21.8,0.0021,0
odysseus,torso.lean,1.083,-0.4,-0.7,-17.2,21.8,0.0024,0
odysseus,torso.lean,1.167,-0.5,-0.7,-17.2,21.8,0.0028,0
odysseus,torso.lean,1.25,-0.6,-0.7,-17.2,21.8,0.0031,0
odysseus,torso.lean,1.333,-0.6,-0.8,-17.2,21.8,0.0035,0
odysseus,torso.lean,1.417,-0.7,-0.8,-17.2,21.8,0.0038,0
odysseus,torso.lean,1.5,-0.8,-0.8,-17.2,21.8,0.0042,0
odysseus,torso.lean,1.583,-0.8,-0.8,-17.2,21.8,0.0045,0
odysseus,torso.lean,1.667,-0.9,-0.8,-17.2,21.8,0.0049,0
odysseus,torso.lean,1.75,-1,-0.8,-17.2,21.8,0.0053,0
odysseus,torso.lean,1.833,-1,-0.8,-17.2,21.8,0.0056,0
odysseus,torso.lean,1.917,-1.1,-0.8,-17.2,21.8,0.006,0
odysseus,torso.lean,2,-1.2,-0.8,-17.2,21.8,0.0063,0
odysseus,torso.lean,2.083,-1.2,-0.7,-17.2,21.8,0.0067,0
odysseus,torso.lean,2.167,-1.3,-0.7,-17.2,21.8,0.007,0
odysseus,torso.lean,2.25,-1.3,-0.7,-17.2,21.8,0.0073,0
odysseus,torso.lean,2.333,-1.4,-0.7,-17.2,21.8,0.0076,0
odysseus,torso.lean,2.417,-1.4,-0.6,-17.2,21.8,0.0079,0
odysseus,torso.lean,2.5,-1.5,-0.6,-17.2,21.8,0.0082,0
odysseus,torso.lean,2.583,-1.5,-0.5,-17.2,21.8,0.0084,0
odysseus,torso.lean,2.667,-1.6,-0.5,-17.2,21.8,0.0086,0
odysseus,torso.lean,3.5,-1.6,0.6,-17.2,21.8,0.009,0
odysseus,torso.lean,3.583,-1.6,0.8,-17.2,21.8,0.0086,0
odysseus,torso.lean,3.667,-1.5,0.9,-17.2,21.8,0.0082,0
odysseus,torso.lean,3.75,-1.4,1.1,-17.2,21.8,0.0077,0
odysseus,torso.lean,3.833,-1.3,1.2,-17.2,21.8,0.0072,0
odysseus,torso.lean,3.917,-1.2,1.3,-17.2,21.8,0.0066,0
odysseus,torso.lean,4,-1.1,1.3,-17.2,21.8,0.006,0
odysseus,torso.lean,4.083,-1,1.4,-17.2,21.8,0.0054,0
odysseus,torso.lean,4.167,-0.9,1.4,-17.2,21.8,0.0047,0
odysseus,torso.lean,4.25,-0.7,1.4,-17.2,21.8,0.0041,0
odysseus,torso.lean,4.333,-0.6,1.4,-17.2,21.8,0.0034,0
odysseus,torso.lean,4.417,-0.5,1.3,-17.2,21.8,0.0028,0
odysseus,torso.lean,4.5,-0.4,1.3,-17.2,21.8,0.0023,0
odysseus,torso.lean,4.583,-0.3,1.2,-17.2,21.8,0.0017,0
odysseus,torso.lean,4.667,-0.2,1.1,-17.2,21.8,0.0013,0
odysseus,torso.lean,4.75,-0.1,0.9,-17.2,21.8,0.0008,0
odysseus,torso.lean,4.833,-0.1,0.8,-17.2,21.8,0.0005,0
odysseus,torso.lean,4.917,0,0.6,-17.2,21.8,0.0003,0
odysseus,torso.lean,5,0,0.4,-17.2,21.8,0.0001,0
odysseus,torso.lean,5.5,-0.1,-0.5,-17.2,21.8,0.0007,0
odysseus,torso.lean,5.583,-0.2,-0.6,-17.2,21.8,0.001,0
odysseus,torso.lean,5.667,-0.2,-0.7,-17.2,21.8,0.0013,0
odysseus,torso.lean,5.75,-0.3,-0.8,-17.2,21.8,0.0017,0
odysseus,torso.lean,5.833,-0.4,-0.8,-17.2,21.8,0.002,0
odysseus,torso.lean,5.917,-0.4,-0.9,-17.2,21.8,0.0025,0
odysseus,torso.lean,6,-0.5,-0.9,-17.2,21.8,0.0029,0
odysseus,torso.lean,6.083,-0.6,-1,-17.2,21.8,0.0033,0
odysseus,torso.lean,6.167,-0.7,-1,-17.2,21.8,0.0038,0
odysseus,torso.lean,6.25,-0.8,-1,-17.2,21.8,0.0042,0
odysseus,torso.lean,6.333,-0.9,-1,-17.2,21.8,0.0047,0
odysseus,torso.lean,6.417,-0.9,-1,-17.2,21.8,0.0052,0
odysseus,torso.lean,6.5,-1,-1,-17.2,21.8,0.0056,0
odysseus,torso.lean,6.583,-1.1,-1,-17.2,21.8,0.0061,0
odysseus,torso.lean,6.667,-1.2,-1,-17.2,21.8,0.0066,0
odysseus,torso.lean,6.75,-1.3,-0.9,-17.2,21.8,0.007,0
odysseus,torso.lean,6.833,-1.3,-0.9,-17.2,21.8,0.0074,0
odysseus,torso.lean,6.917,-1.4,-0.8,-17.2,21.8,0.0078,0
odysseus,torso.lean,7,-1.5,-0.8,-17.2,21.8,0.0081,0
odysseus,torso.lean,7.083,-1.5,-0.7,-17.2,21.8,0.0085,0
odysseus,torso.lean,7.167,-1.6,-0.6,-17.2,21.8,0.0087,0
odysseus,torso.lean,7.25,-1.6,-0.5,-17.2,21.8,0.009,0
odysseus,torso.lean,7.333,-1.7,-0.4,-17.2,21.8,0.0092,0
odysseus,torso.lean,7.833,-1.6,0.6,-17.2,21.8,0.009,0
odysseus,torso.lean,7.917,-1.6,0.8,-17.2,21.8,0.0086,0
odysseus,torso.lean,8,-1.5,0.9,-17.2,21.8,0.0082,0
odysseus,torso.lean,8.083,-1.4,1.1,-17.2,21.8,0.0077,0
odysseus,torso.lean,8.167,-1.3,1.2,-17.2,21.8,0.0072,0
odysseus,torso.lean,8.25,0.2,18.5,-17.2,21.8,0.0043,0.003
odysseus,torso.lean,8.333,3.5,39.1,-17.2,21.8,0.0228,0.032
odysseus,torso.lean,8.417,6.8,39.2,-17.2,21.8,0.037,0.053
odysseus,torso.lean,8.5,8.3,18.6,-17.2,21.8,0.049,0.037
odysseus,torso.lean,8.583,1.8,-77.8,-17.2,21.8,0.0272,0.075
odysseus,torso.lean,8.667,-3.2,-60.2,-17.2,21.8,0.0206,0.044
odysseus,torso.lean,8.75,-6.8,-42.7,-17.2,21.8,0.04,0.063
odysseus,torso.lean,8.833,-8.8,-25.1,-17.2,21.8,0.0514,0.05
odysseus,torso.lean,8.917,-9.5,-7.6,-17.2,21.8,0.0548,0.021
odysseus,torso.lean,9,-8.6,10.5,-17.2,21.8,0.0502,0.023
odysseus,torso.lean,9.083,-6.5,25.8,-17.2,21.8,0.038,0.037
odysseus,torso.lean,9.167,-3.5,36,-17.2,21.8,0.0207,0.027
odysseus,torso.lean,9.25,0,41,-17.2,21.8,0.0011,0.002
odysseus,torso.lean,9.333,3.4,40.7,-17.2,21.8,0.0184,0.027
odysseus,torso.lean,9.417,6.3,35.4,-17.2,21.8,0.0354,0.046
odysseus,torso.lean,9.5,8.4,24.9,-17.2,21.8,0.0476,0.046
odysseus,torso.lean,9.583,9.1,9.3,-17.2,21.8,0.0527,0.023
odysseus,torso.lean,9.667,2.5,-79.5,-17.2,21.8,0.0297,0.084
odysseus,torso.lean,9.75,-2.7,-62,-17.2,21.8,0.0176,0.039
odysseus,torso.lean,9.833,-6.4,-44.5,-17.2,21.8,0.0379,0.062
odysseus,torso.lean,9.917,-8.6,-27,-17.2,21.8,0.0501,0.052
odysseus,torso.lean,10,-9.4,-9.5,-17.2,21.8,0.0544,0.024
odysseus,torso.lean,10.083,-8.5,11.4,-17.2,21.8,0.0499,0.025
odysseus,torso.lean,10.167,-5.9,30.6,-17.2,21.8,0.0357,0.041
odysseus,torso.lean,10.25,-2.4,42.1,-17.2,21.8,0.0152,0.023
odysseus,torso.lean,10.333,1.4,45.9,-17.2,21.8,0.0085,0.014
odysseus,torso.lean,10.417,4.9,42,-17.2,21.8,0.0277,0.042
odysseus,torso.lean,10.5,7.5,30.4,-17.2,21.8,0.0428,0.049
odysseus,torso.lean,10.583,8.4,11.2,-17.2,21.8,0.0493,0.024
odysseus,torso.lean,10.667,2.7,-68.3,-17.2,21.8,0.029,0.071
odysseus,torso.lean,10.75,-2,-56,-17.2,21.8,0.0129,0.026
odysseus,torso.lean,10.833,-5.6,-43.8,-17.2,21.8,0.0329,0.052
odysseus,torso.lean,10.917,-8.2,-31.6,-17.2,21.8,0.0472,0.056
odysseus,torso.lean,11,-9.9,-19.3,-17.2,21.8,0.0559,0.044
odysseus,torso.lean,11.083,-10.4,-7,-17.2,21.8,0.0591,0.022
odysseus,torso.lean,11.167,-9.5,11.3,-17.2,21.8,0.0551,0.028
odysseus,torso.lean,11.25,-6.9,30.6,-17.2,21.8,0.0414,0.048
odysseus,torso.lean,11.333,-3.4,42.2,-17.2,21.8,0.0209,0.032
odysseus,torso.lean,11.417,0.4,46.1,-17.2,21.8,0.003,0.005
odysseus,torso.lean,11.5,3.9,42.4,-17.2,21.8,0.0222,0.034
odysseus,torso.lean,11.583,6.5,30.9,-17.2,21.8,0.0377,0.043
odysseus,torso.lean,11.667,7.5,11.8,-17.2,21.8,0.0444,0.022
odysseus,torso.lean,11.75,0.9,-79.5,-17.2,21.8,0.0211,0.059
odysseus,torso.lean,11.833,-4.3,-61.8,-17.2,21.8,0.0266,0.059
odysseus,torso.lean,11.917,-8,-44.1,-17.2,21.8,0.0466,0.076
odysseus,torso.lean,12,-10.1,-26.3,-17.2,21.8,0.0585,0.06
odysseus,torso.lean,12.083,-10.8,-8.4,-17.2,21.8,0.0623,0.026
odysseus,torso.lean,12.167,-9.8,12.8,-17.2,21.8,0.0571,0.032
odysseus,torso.lean,12.25,-7.1,32.2,-17.2,21.8,0.0423,0.051
odysseus,torso.lean,12.333,-3.4,43.9,-17.2,21.8,0.021,0.033
odysseus,torso.lean,12.417,0.5,47.9,-17.2,21.8,0.0037,0.006
odysseus,torso.lean,12.5,4.2,44.1,-17.2,21.8,0.0238,0.038
odysseus,torso.lean,12.583,6.9,32.7,-17.2,21.8,0.04,0.049
odysseus,torso.lean,12.667,8.1,13.5,-17.2,21.8,0.0475,0.027
odysseus,torso.lean,12.75,1.6,-77.8,-17.2,21.8,0.025,0.069
odysseus,torso.lean,12.833,-3.4,-60.2,-17.2,21.8,0.0219,0.047
odysseus,torso.lean,12.917,-7,-42.6,-17.2,21.8,0.0413,0.065
odysseus,torso.lean,13,-9.1,-25,-17.2,21.8,0.0526,0.051
odysseus,torso.lean,13.083,-9.7,-7.5,-17.2,21.8,0.0559,0.021
odysseus,torso.lean,13.167,-8.6,13.5,-17.2,21.8,0.0505,0.029
odysseus,torso.lean,13.25,-5.8,32.6,-17.2,21.8,0.0354,0.043
odysseus,torso.lean,13.333,-2.2,44,-17.2,21.8,0.014,0.022
odysseus,torso.lean,13.417,1.8,47.7,-17.2,21.8,0.0105,0.018
odysseus,torso.lean,13.5,5.4,43.7,-17.2,21.8,0.0305,0.048
odysseus,torso.lean,13.583,8.1,32,-17.2,21.8,0.0464,0.056
odysseus,torso.lean,13.667,9.2,12.5,-17.2,21.8,0.0534,0.029
odysseus,torso.lean,13.75,3.6,-67.1,-17.2,21.8,0.0338,0.081
odysseus,torso.lean,13.833,-1,-55.1,-17.2,21.8,0.0078,0.015
odysseus,torso.lean,13.917,-4.6,-43,-17.2,21.8,0.0274,0.043
odysseus,torso.lean,14,-7.2,-30.9,-17.2,21.8,0.0414,0.048
odysseus,torso.lean,14.083,-8.7,-18.8,-17.2,21.8,0.0499,0.038
odysseus,torso.lean,14.167,-9.3,-6.6,-17.2,21.8,0.0529,0.018
odysseus,torso.lean,14.25,-7,27.9,-17.2,21.8,0.0443,0.047
odysseus,torso.lean,14.333,-2.6,52.3,-17.2,21.8,0.0187,0.035
odysseus,torso.lean,14.417,-0.3,27.7,-17.2,21.8,0.006,0.006
odysseus,torso.lean,14.5,-0.4,-0.8,-17.2,21.8,0.0071,0
odysseus,torso.lean,14.583,-0.4,-0.9,-17.2,21.8,0.0025,0
odysseus,torso.lean,14.667,-0.5,-0.9,-17.2,21.8,0.0029,0
odysseus,torso.lean,14.75,-0.6,-1,-17.2,21.8,0.0033,0
odysseus,torso.lean,14.833,-0.7,-1,-17.2,21.8,0.0038,0
odysseus,torso.lean,14.917,-0.8,-1,-17.2,21.8,0.0042,0
odysseus,torso.lean,15,-0.9,-1,-17.2,21.8,0.0047,0
odysseus,torso.lean,15.083,-0.9,-1,-17.2,21.8,0.0052,0
odysseus,torso.lean,15.167,-1,-1,-17.2,21.8,0.0056,0
odysseus,torso.lean,15.25,-1.1,-1,-17.2,21.8,0.0061,0
odysseus,torso.lean,15.333,-1.2,-1,-17.2,21.8,0.0066,0
odysseus,torso.lean,15.417,-1.3,-0.9,-17.2,21.8,0.007,0
odysseus,torso.lean,15.5,-1.3,-0.9,-17.2,21.8,0.0074,0
odysseus,torso.lean,15.583,-1.4,-0.8,-17.2,21.8,0.0078,0
odysseus,torso.lean,15.667,-1.5,-0.8,-17.2,21.8,0.0081,0
odysseus,torso.lean,15.75,-1.5,-0.7,-17.2,21.8,0.0085,0
odysseus,torso.lean,15.833,-1.6,-0.6,-17.2,21.8,0.0087,0
odysseus,torso.lean,15.917,-1.6,-0.5,-17.2,21.8,0.009,0
odysseus,torso.lean,16,-1.7,-0.4,-17.2,21.8,0.0092,0
odysseus,torso.lean,16.5,-1.6,0.6,-17.2,21.8,0.009,0
odysseus,torso.lean,16.583,-1.6,0.8,-17.2,21.8,0.0086,0
odysseus,torso.lean,16.667,-1.5,0.9,-17.2,21.8,0.0082,0
odysseus,torso.lean,16.75,-1.4,1.1,-17.2,21.8,0.0077,0
odysseus,torso.lean,16.833,-1.3,1.2,-17.2,21.8,0.0072,0
odysseus,torso.lean,16.917,-1.2,1.3,-17.2,21.8,0.0066,0
odysseus,torso.lean,17,-1.1,1.3,-17.2,21.8,0.006,0
odysseus,torso.lean,17.083,-1,1.4,-17.2,21.8,0.0054,0
odysseus,torso.lean,17.167,-0.9,1.4,-17.2,21.8,0.0047,0
odysseus,torso.lean,17.25,-0.7,1.4,-17.2,21.8,0.0041,0
odysseus,torso.lean,17.333,-0.6,1.4,-17.2,21.8,0.0034,0
odysseus,torso.lean,17.417,-0.5,1.3,-17.2,21.8,0.0028,0
odysseus,torso.lean,17.5,-0.4,1.3,-17.2,21.8,0.0023,0
odysseus,torso.lean,17.583,-0.3,1.2,-17.2,21.8,0.0017,0
odysseus,torso.lean,17.667,-0.2,1.1,-17.2,21.8,0.0013,0
odysseus,torso.lean,17.75,-0.1,0.9,-17.2,21.8,0.0008,0
odysseus,torso.lean,17.833,-0.1,0.8,-17.2,21.8,0.0005,0
odysseus,torso.lean,17.917,0,0.6,-17.2,21.8,0.0003,0
odysseus,torso.lean,18,0,0.4,-17.2,21.8,0.0001,0
odysseus,torso.lean,18.5,-0.1,-0.5,-17.2,21.8,0.0007,0
odysseus,torso.lean,18.583,-0.2,-0.6,-17.2,21.8,0.001,0
odysseus,torso.lean,18.667,-0.2,-0.7,-17.2,21.8,0.0013,0
odysseus,torso.lean,18.75,-0.3,-0.8,-17.2,21.8,0.0017,0
odysseus,torso.lean,18.833,-0.4,-0.8,-17.2,21.8,0.002,0
odysseus,torso.lean,18.917,-0.4,-0.9,-17.2,21.8,0.0025,0
odysseus,torso.lean,19,-0.5,-0.9,-17.2,21.8,0.0029,0
odysseus,torso.lean,19.083,-0.6,-1,-17.2,21.8,0.0033,0
odysseus,torso.lean,19.167,-0.7,-1,-17.2,21.8,0.0038,0
odysseus,torso.lean,19.25,-0.8,-1,-17.2,21.8,0.0042,0
odysseus,torso.lean,19.333,-0.9,-1,-17.2,21.8,0.0047,0
odysseus,torso.lean,19.417,-0.9,-1,-17.2,21.8,0.0052,0
odysseus,torso.lean,19.5,-1,-1,-17.2,21.8,0.0056,0
odysseus,torso.lean,19.583,-1.1,-1,-17.2,21.8,0.0061,0
odysseus,torso.lean,19.667,-1.2,-1,-17.2,21.8,0.0066,0
odysseus,torso.lean,19.75,-1.3,-0.9,-17.2,21.8,0.007,0
odysseus,torso.lean,19.833,-1.3,-0.9,-17.2,21.8,0.0074,0
odysseus,torso.lean,19.917,-1.4,-0.8,-17.2,21.8,0.0078,0
odysseus,torso.lean,20,-1.5,-0.8,-17.2,21.8,0.0081,0
odysseus,torso.lean,20.083,-1.5,-0.7,-17.2,21.8,0.0085,0
odysseus,torso.lean,20.167,-1.6,-0.6,-17.2,21.8,0.0087,0
odysseus,torso.lean,20.25,-1.6,-0.5,-17.2,21.8,0.009,0
odysseus,torso.lean,20.333,-1.7,-0.4,-17.2,21.8,0.0092,0
odysseus,torso.lean,20.833,-1.6,0.6,-17.2,21.8,0.009,0
odysseus,torso.lean,20.917,-1.6,0.8,-17.2,21.8,0.0086,0
odysseus,torso.lean,21,-1.5,0.9,-17.2,21.8,0.0082,0
odysseus,torso.lean,21.083,-1.4,1.1,-17.2,21.8,0.0077,0
odysseus,torso.lean,21.167,-1.3,1.2,-17.2,21.8,0.0072,0
odysseus,torso.lean,21.25,-1.2,1.3,-17.2,21.8,0.0066,0
odysseus,torso.lean,21.333,-1.1,1.3,-17.2,21.8,0.006,0
odysseus,torso.lean,21.417,-1,1.4,-17.2,21.8,0.0054,0
odysseus,torso.lean,21.5,-0.9,1.4,-17.2,21.8,0.0047,0
odysseus,torso.lean,21.583,-0.7,1.4,-17.2,21.8,0.0041,0
odysseus,torso.lean,21.667,-0.6,1.4,-17.2,21.8,0.0034,0
odysseus,torso.lean,21.75,-0.5,1.3,-17.2,21.8,0.0028,0
odysseus,torso.lean,21.833,-0.4,1.3,-17.2,21.8,0.0023,0
odysseus,torso.lean,21.917,-0.3,1.2,-17.2,21.8,0.0017,0
odysseus,torso.lean,22,-0.2,1.1,-17.2,21.8,0.0013,0
odysseus,torso.lean,22.083,-0.1,0.9,-17.2,21.8,0.0008,0
odysseus,torso.lean,22.167,-0.1,0.8,-17.2,21.8,0.0005,0
odysseus,torso.lean,22.25,0,0.6,-17.2,21.8,0.0003,0
odysseus,torso.lean,22.333,0,0.4,-17.2,21.8,0.0001,0
odysseus,torso.lean,22.75,-0.1,-0.6,-17.2,21.8,0.0007,0
odysseus,torso.lean,22.833,-0.2,-0.7,-17.2,21.8,0.001,0
odysseus,torso.lean,22.917,-0.2,-0.8,-17.2,21.8,0.0013,0
odysseus,torso.lean,23,-0.3,-0.9,-17.2,21.8,0.0018,0
odysseus,torso.lean,23.083,-0.4,-1,-17.2,21.8,0.0022,0
odysseus,torso.lean,23.167,-0.5,-1.1,-17.2,21.8,0.0027,0
odysseus,torso.lean,23.25,-0.6,-1.1,-17.2,21.8,0.0032,0
odysseus,torso.lean,23.333,-0.7,-1.1,-17.2,21.8,0.0037,0
odysseus,torso.lean,23.417,-0.8,-1.2,-17.2,21.8,0.0042,0
odysseus,torso.lean,23.5,-0.9,-1.2,-17.2,21.8,0.0047,0
odysseus,torso.lean,23.583,-1,-1.1,-17.2,21.8,0.0053,0
odysseus,torso.lean,23.667,-1.1,-1.1,-17.2,21.8,0.0058,0
odysseus,torso.lean,23.75,-1.1,-1.1,-17.2,21.8,0.0063,0
odysseus,torso.lean,23.833,-1.2,-1,-17.2,21.8,0.0067,0
odysseus,torso.lean,23.917,-1.3,-0.9,-17.2,21.8,0.0071,0
odysseus,torso.lean,24,-1.4,-0.8,-17.2,21.8,0.0075,0
odysseus,torso.lean,24.083,-1.4,-0.7,-17.2,21.8,0.0078,0
odysseus,torso.lean,24.167,-1.5,-0.6,-17.2,21.8,0.0081,0
odysseus,torso.lean,24.25,-1.5,-0.4,-17.2,21.8,0.0083,0
odysseus,torso.lean,24.5,-1.2,4.1,-17.2,21.8,0.0073,0.001
odysseus,torso.lean,24.583,-0.3,11.1,-17.2,21.8,0.0027,0.001
odysseus,torso.lean,24.667,1.1,16.4,-17.2,21.8,0.0069,0.004
odysseus,torso.lean,24.75,2.7,19.7,-17.2,21.8,0.0156,0.011
odysseus,torso.lean,24.833,3.3,7,-17.2,21.8,0.0204,0.006
odysseus,torso.lean,24.917,3.3,0.2,-17.2,21.8,0.0195,0.001
odysseus,torso.lean,25.083,3.4,0.8,-17.2,21.8,0.0189,0.001
odysseus,torso.lean,25.167,3.4,0,-17.2,21.8,0.019,0.001
odysseus,torso.lean,27.417,4.7,15.7,-17.2,21.8,0.0288,0.017
odysseus,torso.lean,27.5,7.9,37.5,-17.2,21.8,0.0469,0.066
odysseus,torso.lean,27.583,11.6,44.8,-17.2,21.8,0.0645,0.109
odysseus,torso.lean,27.667,14.7,37.5,-17.2,21.8,0.0811,0.119
odysseus,torso.lean,27.75,16,15.7,-17.2,21.8,0.0906,0.066
odysseus,torso.lean,27.833,14.9,-13.3,-17.2,21.8,0.0861,0.055
odysseus,torso.lean,27.917,12.9,-24.6,-17.2,21.8,0.072,0.072
odysseus,torso.lean,28,11.8,-13.3,-17.2,21.8,0.0661,0.039
odysseus,torso.lean,28.083,11,-8.9,-17.2,21.8,0.0609,0.026
odysseus,torso.lean,28.167,8.8,-26.8,-17.2,21.8,0.0512,0.053
odysseus,torso.lean,28.25,5.1,-44,-17.2,21.8,0.0312,0.05
odysseus,torso.lean,28.333,0.9,-51.2,-17.2,21.8,0.006,0.011
odysseus,torso.lean,28.417,-4,-58.4,-17.2,21.8,0.0232,0.048
odysseus,torso.lean,28.5,6.8,129.9,-17.2,21.8,0.0709,0.331
odysseus,torso.lean,28.583,13.3,77.9,-17.2,21.8,0.0815,0.235
odysseus,torso.lean,28.667,15.5,26,-17.2,21.8,0.093,0.102
odysseus,torso.lean,28.75,14.7,-8.7,-17.2,21.8,0.0861,0.041
odysseus,torso.lean,28.833,13.1,-19.2,-17.2,21.8,0.0733,0.06
odysseus,torso.lean,28.917,11.5,-19.2,-17.2,21.8,0.0628,0.05
odysseus,torso.lean,29,10.8,-8.7,-17.2,21.8,0.0608,0.026
odysseus,torso.lean,29.083,1.4,-112.9,-17.2,21.8,0.0264,0.105
odysseus,torso.lean,29.167,-1.7,-37.6,-17.2,21.8,0.0229,0.031
odysseus,torso.lean,29.25,3.2,58.6,-17.2,21.8,0.0345,0.073
odysseus,torso.lean,29.333,4.9,20.8,-17.2,21.8,0.0336,0.027
odysseus,torso.lean,29.417,4.9,0,-17.2,21.8,0.0305,0.002
odysseus,torso.lean,29.5,4.6,-3.8,-17.2,21.8,0.0258,0.005
odysseus,torso.lean,29.583,4.4,-2.1,-17.2,21.8,0.0245,0.003
odysseus,torso.lean,29.667,4.2,-2.1,-17.2,21.8,0.0232,0.003
odysseus,torso.lean,29.75,4.1,-2.1,-17.2,21.8,0.0223,0.003
odysseus,torso.lean,29.833,3.9,-2.1,-17.2,21.8,0.0213,0.002
odysseus,torso.lean,29.917,3.7,-2.1,-17.2,21.8,0.0204,0.002
odysseus,torso.lean,30,3.6,-2.1,-17.2,21.8,0.0195,0.002
odysseus,torso.lean,30.083,3.4,-2.1,-17.2,21.8,0.0185,0.002
odysseus,torso.lean,30.167,3.2,-2.1,-17.2,21.8,0.0176,0.002
odysseus,torso.lean,30.25,3,-2.9,-17.2,21.8,0.0164,0.002
odysseus,torso.lean,30.333,2.4,-7.1,-17.2,21.8,0.0138,0.004
odysseus,torso.lean,30.417,1.6,-9.3,-17.2,21.8,0.0092,0.003
odysseus,torso.lean,30.5,0.8,-9.3,-17.2,21.8,0.0046,0.002
odysseus,torso.lean,30.583,0.2,-7.1,-17.2,21.8,0.0017,0
odysseus,torso.lean,30.667,0,-2.9,-17.2,21.8,0.0008,0
odysseus,torso.lean,30.75,0,0,-17.2,21.8,0.0005,0
odysseus,torso.lean,34.833,0,0,-17.2,21.8,0,0
odysseus,torso.twist,0,0,0,-31.5,31.5,0,0
odysseus,torso.twist,0.583,0.8,9.1,-31.5,31.5,0.0058,0.002
odysseus,torso.twist,0.667,2.7,23.4,-31.5,31.5,0.0174,0.015
odysseus,torso.twist,0.75,5.4,32,-31.5,31.5,0.031,0.037
odysseus,torso.twist,0.833,8.3,34.9,-31.5,31.5,0.0458,0.06
odysseus,torso.twist,0.917,11,32,-31.5,31.5,0.0602,0.075
odysseus,torso.twist,1,12.9,23.4,-31.5,31.5,0.0717,0.069
odysseus,torso.twist,1.083,13.7,9.1,-31.5,31.5,0.0768,0.036
odysseus,torso.twist,1.167,13.7,0,-31.5,31.5,0.0758,0.011
odysseus,torso.twist,24.5,11.5,-25.6,-31.5,31.5,0.0674,0.069
odysseus,torso.twist,24.583,6.8,-56.4,-31.5,31.5,0.0429,0.088
odysseus,torso.twist,24.667,2.1,-56.4,-31.5,31.5,0.0117,0.023
odysseus,torso.twist,24.75,0,-25.6,-31.5,31.5,0.0055,0.005
odysseus,torso.twist,24.833,0,0,-31.5,31.5,0.0046,0
odysseus,torso.twist,28.667,0.6,7.2,-31.5,31.5,0.0046,0.001
odysseus,torso.twist,28.75,2.2,19.8,-31.5,31.5,0.0146,0.01
odysseus,torso.twist,28.833,4.7,29.5,-31.5,31.5,0.0275,0.03
odysseus,torso.twist,28.917,7.7,36.5,-31.5,31.5,0.0436,0.059
odysseus,torso.twist,29,11.1,40.7,-31.5,31.5,0.0614,0.095
odysseus,torso.twist,29.083,14.6,42.1,-31.5,31.5,0.0796,0.13
odysseus,torso.twist,29.167,18,40.7,-31.5,31.5,0.0974,0.157
odysseus,torso.twist,29.25,21.1,36.5,-31.5,31.5,0.1136,0.171
odysseus,torso.twist,29.333,23.5,29.5,-31.5,31.5,0.1266,0.163
odysseus,torso.twist,29.417,25.2,19.8,-31.5,31.5,0.1353,0.13
odysseus,torso.twist,29.5,25.8,7.2,-31.5,31.5,0.1388,0.073
odysseus,torso.twist,29.583,25.8,0,-31.5,31.5,0.1378,0.038
odysseus,torso.twist,34.833,25.8,0,-31.5,31.5,0.1365,0.037
odysseus,torso.roll,0,0,0,-9.2,9.2,0,0
odysseus,torso.roll,2.083,0.3,3.2,-9.2,9.2,0.002,0
odysseus,torso.roll,2.167,0.9,7.7,-9.2,9.2,0.0058,0.002
odysseus,torso.roll,2.25,1.7,9.2,-9.2,9.2,0.0094,0.003
odysseus,torso.roll,2.333,2.3,7.7,-9.2,9.2,0.0129,0.004
odysseus,torso.roll,2.417,2.6,3.2,-9.2,9.2,0.0149,0.002
odysseus,torso.roll,2.5,2.5,-0.5,-9.2,9.2,0.0145,0.001
odysseus,torso.roll,2.583,2.5,-0.5,-9.2,9.2,0.0136,0.001
odysseus,torso.roll,2.667,2.4,-0.5,-9.2,9.2,0.0134,0.001
odysseus,torso.roll,2.75,2.4,-0.5,-9.2,9.2,0.0131,0.001
odysseus,torso.roll,2.833,2.4,-0.5,-9.2,9.2,0.0129,0.001
odysseus,torso.roll,2.917,2.3,-0.5,-9.2,9.2,0.0126,0.001
odysseus,torso.roll,3,2.3,-0.5,-9.2,9.2,0.0124,0.001
odysseus,torso.roll,3.083,2.2,-0.5,-9.2,9.2,0.0121,0.001
odysseus,torso.roll,3.167,2.2,-0.5,-9.2,9.2,0.0119,0.001
odysseus,torso.roll,3.25,2.1,-0.5,-9.2,9.2,0.0116,0
odysseus,torso.roll,3.333,2.1,-0.5,-9.2,9.2,0.0114,0
odysseus,torso.roll,3.417,2,-0.5,-9.2,9.2,0.0112,0
odysseus,torso.roll,3.5,2,-0.5,-9.2,9.2,0.0109,0
odysseus,torso.roll,3.583,1.9,-0.5,-9.2,9.2,0.0107,0
odysseus,torso.roll,3.667,1.9,-0.5,-9.2,9.2,0.0104,0
odysseus,torso.roll,3.75,1.9,-0.5,-9.2,9.2,0.0102,0
odysseus,torso.roll,3.833,1.8,-0.5,-9.2,9.2,0.0099,0
odysseus,torso.roll,3.917,1.8,-0.5,-9.2,9.2,0.0097,0
odysseus,torso.roll,4,1.7,-0.5,-9.2,9.2,0.0094,0
odysseus,torso.roll,4.083,1.7,0,-9.2,9.2,0.0095,0
odysseus,torso.roll,6.75,1.3,-5.4,-9.2,9.2,0.0079,0.002
odysseus,torso.roll,6.833,0.2,-12.8,-9.2,9.2,0.0025,0.001
odysseus,torso.roll,6.917,-1.1,-15.3,-9.2,9.2,0.0063,0.003
odysseus,torso.roll,7,-2.1,-12.8,-9.2,9.2,0.0121,0.006
odysseus,torso.roll,7.083,-2.6,-5.4,-9.2,9.2,0.0154,0.003
odysseus,torso.roll,7.167,-2.5,0.5,-9.2,9.2,0.0149,0.001
odysseus,torso.roll,7.25,-2.5,0.5,-9.2,9.2,0.0136,0.001
odysseus,torso.roll,7.333,-2.4,0.5,-9.2,9.2,0.0134,0.001
odysseus,torso.roll,7.417,-2.4,0.5,-9.2,9.2,0.0131,0.001
odysseus,torso.roll,7.5,-2.4,0.5,-9.2,9.2,0.0129,0.001
odysseus,torso.roll,7.583,-2.3,0.5,-9.2,9.2,0.0126,0.001
odysseus,torso.roll,7.667,-2.3,0.5,-9.2,9.2,0.0124,0.001
odysseus,torso.roll,7.75,-2.2,0.5,-9.2,9.2,0.0121,0.001
odysseus,torso.roll,7.833,-2.2,0.5,-9.2,9.2,0.0119,0.001
odysseus,torso.roll,7.917,-2.1,0.5,-9.2,9.2,0.0116,0
odysseus,torso.roll,8,-2.1,0.5,-9.2,9.2,0.0114,0
odysseus,torso.roll,8.083,-2,0.5,-9.2,9.2,0.0112,0
odysseus,torso.roll,8.167,-2,0.5,-9.2,9.2,0.0109,0
odysseus,torso.roll,8.25,-1.9,0.5,-9.2,9.2,0.0107,0
odysseus,torso.roll,8.333,-1.9,0.5,-9.2,9.2,0.0104,0
odysseus,torso.roll,8.417,-1.9,0.5,-9.2,9.2,0.0102,0
odysseus,torso.roll,8.5,-1.8,0.5,-9.2,9.2,0.0099,0
odysseus,torso.roll,8.583,-1.8,0.5,-9.2,9.2,0.0097,0
odysseus,torso.roll,8.667,-1.7,0.5,-9.2,9.2,0.0094,0
odysseus,torso.roll,8.75,-1.7,0,-9.2,9.2,0.0095,0
odysseus,torso.roll,9.667,-1.3,5.4,-9.2,9.2,0.0079,0.002
odysseus,torso.roll,9.75,-0.2,12.8,-9.2,9.2,0.0025,0.001
odysseus,torso.roll,9.833,1.1,15.3,-9.2,9.2,0.0063,0.003
odysseus,torso.roll,9.917,2.1,12.8,-9.2,9.2,0.0121,0.006
odysseus,torso.roll,10,2.6,5.4,-9.2,9.2,0.0154,0.003
odysseus,torso.roll,10.083,2.5,-0.5,-9.2,9.2,0.0149,0.001
odysseus,torso.roll,10.167,2.5,-0.5,-9.2,9.2,0.0136,0.001
odysseus,torso.roll,10.25,2.4,-0.5,-9.2,9.2,0.0134,0.001
odysseus,torso.roll,10.333,2.4,-0.5,-9.2,9.2,0.0131,0.001
odysseus,torso.roll,10.417,2.4,-0.5,-9.2,9.2,0.0129,0.001
odysseus,torso.roll,10.5,2.3,-0.5,-9.2,9.2,0.0126,0.001
odysseus,torso.roll,10.583,2.3,-0.5,-9.2,9.2,0.0124,0.001
odysseus,torso.roll,10.667,2.2,-0.5,-9.2,9.2,0.0121,0.001
odysseus,torso.roll,10.75,2.2,-0.5,-9.2,9.2,0.0119,0.001
odysseus,torso.roll,10.833,2.1,-0.5,-9.2,9.2,0.0116,0
odysseus,torso.roll,10.917,2.1,-0.5,-9.2,9.2,0.0114,0
odysseus,torso.roll,11,2,-0.5,-9.2,9.2,0.0112,0
odysseus,torso.roll,11.083,2,-0.5,-9.2,9.2,0.0109,0
odysseus,torso.roll,11.167,1.9,-0.5,-9.2,9.2,0.0107,0
odysseus,torso.roll,11.25,1.9,-0.5,-9.2,9.2,0.0104,0
odysseus,torso.roll,11.333,1.9,-0.5,-9.2,9.2,0.0102,0
odysseus,torso.roll,11.417,1.8,-0.5,-9.2,9.2,0.0099,0
odysseus,torso.roll,11.5,1.8,-0.5,-9.2,9.2,0.0097,0
odysseus,torso.roll,11.583,1.7,-0.5,-9.2,9.2,0.0094,0
odysseus,torso.roll,11.667,1.7,0,-9.2,9.2,0.0095,0
odysseus,torso.roll,14.25,1.4,-3.8,-9.2,9.2,0.0084,0.001
odysseus,torso.roll,14.333,0.6,-9.5,-9.2,9.2,0.0043,0.001
odysseus,torso.roll,14.417,-0.4,-12.4,-9.2,9.2,0.0029,0.001
odysseus,torso.roll,14.5,-1.5,-12.4,-9.2,9.2,0.008,0.004
odysseus,torso.roll,14.583,-2.3,-9.5,-9.2,9.2,0.0129,0.005
odysseus,torso.roll,14.667,-2.6,-3.8,-9.2,9.2,0.0151,0.002
odysseus,torso.roll,14.75,-2.5,0.6,-9.2,9.2,0.0146,0.001
odysseus,torso.roll,14.833,-2.5,0.6,-9.2,9.2,0.0136,0.001
odysseus,torso.roll,14.917,-2.4,0.6,-9.2,9.2,0.0133,0.001
odysseus,torso.roll,15,-2.4,0.6,-9.2,9.2,0.0131,0.001
odysseus,torso.roll,15.083,-2.3,0.6,-9.2,9.2,0.0128,0.001
odysseus,torso.roll,15.167,-2.3,0.6,-9.2,9.2,0.0126,0.001
odysseus,torso.roll,15.25,-2.2,0.6,-9.2,9.2,0.0123,0.001
odysseus,torso.roll,15.333,-2.2,0.6,-9.2,9.2,0.012,0.001
odysseus,torso.roll,15.417,-2.1,0.6,-9.2,9.2,0.0118,0.001
odysseus,torso.roll,15.5,-2.1,0.6,-9.2,9.2,0.0115,0
odysseus,torso.roll,15.583,-2.1,0.6,-9.2,9.2,0.0112,0
odysseus,torso.roll,15.667,-2,0.6,-9.2,9.2,0.011,0
odysseus,torso.roll,15.75,-2,0.6,-9.2,9.2,0.0107,0
odysseus,torso.roll,15.833,-1.9,0.6,-9.2,9.2,0.0105,0
odysseus,torso.roll,15.917,-1.9,0.6,-9.2,9.2,0.0102,0
odysseus,torso.roll,16,-1.8,0.6,-9.2,9.2,0.0099,0
odysseus,torso.roll,16.083,-1.8,0.6,-9.2,9.2,0.0097,0
odysseus,torso.roll,16.167,-1.7,0.6,-9.2,9.2,0.0094,0
odysseus,torso.roll,16.25,-1.7,0,-9.2,9.2,0.0095,0
odysseus,torso.roll,18.667,-1.4,3.8,-9.2,9.2,0.0084,0.001
odysseus,torso.roll,18.75,-0.6,9.5,-9.2,9.2,0.0043,0.001
odysseus,torso.roll,18.833,0.4,12.4,-9.2,9.2,0.0029,0.001
odysseus,torso.roll,18.917,1.5,12.4,-9.2,9.2,0.008,0.004
odysseus,torso.roll,19,2.3,9.5,-9.2,9.2,0.0129,0.005
odysseus,torso.roll,19.083,2.6,3.8,-9.2,9.2,0.0151,0.002
odysseus,torso.roll,19.167,2.5,-0.6,-9.2,9.2,0.0146,0.001
odysseus,torso.roll,19.25,2.5,-0.6,-9.2,9.2,0.0136,0.001
odysseus,torso.roll,19.333,2.4,-0.6,-9.2,9.2,0.0133,0.001
odysseus,torso.roll,19.417,2.4,-0.6,-9.2,9.2,0.0131,0.001
odysseus,torso.roll,19.5,2.3,-0.6,-9.2,9.2,0.0128,0.001
odysseus,torso.roll,19.583,2.3,-0.6,-9.2,9.2,0.0126,0.001
odysseus,torso.roll,19.667,2.2,-0.6,-9.2,9.2,0.0123,0.001
odysseus,torso.roll,19.75,2.2,-0.6,-9.2,9.2,0.012,0.001
odysseus,torso.roll,19.833,2.1,-0.6,-9.2,9.2,0.0118,0.001
odysseus,torso.roll,19.917,2.1,-0.6,-9.2,9.2,0.0115,0
odysseus,torso.roll,20,2.1,-0.6,-9.2,9.2,0.0112,0
odysseus,torso.roll,20.083,2,-0.6,-9.2,9.2,0.011,0
odysseus,torso.roll,20.167,2,-0.6,-9.2,9.2,0.0107,0
odysseus,torso.roll,20.25,1.9,-0.6,-9.2,9.2,0.0105,0
odysseus,torso.roll,20.333,1.9,-0.6,-9.2,9.2,0.0102,0
odysseus,torso.roll,20.417,1.8,-0.6,-9.2,9.2,0.0099,0
odysseus,torso.roll,20.5,1.8,-0.6,-9.2,9.2,0.0097,0
odysseus,torso.roll,20.583,1.7,-0.6,-9.2,9.2,0.0094,0
odysseus,torso.roll,20.667,1.7,0,-9.2,9.2,0.0095,0
odysseus,torso.roll,23.583,1.3,-5.4,-9.2,9.2,0.0079,0.002
odysseus,torso.roll,23.667,0.2,-12.8,-9.2,9.2,0.0025,0.001
odysseus,torso.roll,23.75,-1.1,-15.3,-9.2,9.2,0.0063,0.003
odysseus,torso.roll,23.833,-2.1,-12.8,-9.2,9.2,0.0121,0.006
odysseus,torso.roll,23.917,-2.6,-5.4,-9.2,9.2,0.0154,0.003
odysseus,torso.roll,24,-2.6,0.2,-9.2,9.2,0.015,0.001
odysseus,torso.roll,24.083,-2.5,0.6,-9.2,9.2,0.0138,0.001
odysseus,torso.roll,24.167,-2.4,0.8,-9.2,9.2,0.0134,0.001
odysseus,torso.roll,24.25,-2.4,0.8,-9.2,9.2,0.013,0.001
odysseus,torso.roll,24.333,-2.3,0.6,-9.2,9.2,0.0128,0.001
odysseus,torso.roll,24.417,-2.3,0.2,-9.2,9.2,0.0127,0
odysseus,torso.roll,24.5,-1.9,4.5,-9.2,9.2,0.0114,0.002
odysseus,torso.roll,24.583,-1,11.8,-9.2,9.2,0.0065,0.003
odysseus,torso.roll,24.667,0.4,16.4,-9.2,9.2,0.0031,0.002
odysseus,torso.roll,24.75,0.1,-4.2,-9.2,9.2,0.004,0.001
odysseus,torso.roll,24.833,0,-0.8,-9.2,9.2,0.0006,0
odysseus,torso.roll,24.917,-0.3,-3.4,-9.2,9.2,0.002,0
odysseus,torso.roll,25,-1.1,-10.3,-9.2,9.2,0.0075,0.003
odysseus,torso.roll,25.083,-2.6,-17.2,-9.2,9.2,0.0154,0.01
odysseus,torso.roll,25.167,-0.6,23.2,-9.2,9.2,0.0108,0.009
odysseus,torso.roll,25.25,0,7.7,-9.2,9.2,0.0028,0.001
odysseus,torso.roll,25.333,0.6,7.7,-9.2,9.2,0.0035,0.001
odysseus,torso.roll,25.417,2.6,23.2,-9.2,9.2,0.0169,0.014
odysseus,torso.roll,25.5,0.6,-23.2,-9.2,9.2,0.0118,0.01
odysseus,torso.roll,25.583,0,-7.7,-9.2,9.2,0.0028,0.001
odysseus,torso.roll,25.667,-0.6,-7.7,-9.2,9.2,0.0035,0.001
odysseus,torso.roll,25.75,-2.6,-23.2,-9.2,9.2,0.0169,0.014
odysseus,torso.roll,25.833,-0.6,23.2,-9.2,9.2,0.0118,0.01
odysseus,torso.roll,25.917,0,7.7,-9.2,9.2,0.0028,0.001
odysseus,torso.roll,26,0.6,7.7,-9.2,9.2,0.0035,0.001
odysseus,torso.roll,26.083,2.6,23.2,-9.2,9.2,0.0169,0.014
odysseus,torso.roll,26.167,0.6,-23.2,-9.2,9.2,0.0118,0.01
odysseus,torso.roll,26.25,0,-7.7,-9.2,9.2,0.0028,0.001
odysseus,torso.roll,26.333,-0.6,-7.7,-9.2,9.2,0.0035,0.001
odysseus,torso.roll,26.417,-2.6,-23.2,-9.2,9.2,0.0169,0.014
odysseus,torso.roll,26.5,-0.6,23.2,-9.2,9.2,0.0118,0.01
odysseus,torso.roll,26.583,0,7.7,-9.2,9.2,0.0028,0.001
odysseus,torso.roll,26.667,0.6,7.7,-9.2,9.2,0.0035,0.001
odysseus,torso.roll,26.75,2.6,23.2,-9.2,9.2,0.0169,0.014
odysseus,torso.roll,26.833,0.6,-23.2,-9.2,9.2,0.0118,0.01
odysseus,torso.roll,26.917,0,-7.7,-9.2,9.2,0.0028,0.001
odysseus,torso.roll,27,-0.6,-7.7,-9.2,9.2,0.0035,0.001
odysseus,torso.roll,27.083,-2.6,-23.2,-9.2,9.2,0.0169,0.014
odysseus,torso.roll,27.167,-0.6,23.2,-9.2,9.2,0.0118,0.01
odysseus,torso.roll,27.25,0,7.7,-9.2,9.2,0.0028,0.001
odysseus,torso.roll,27.333,0.6,7.7,-9.2,9.2,0.0035,0.001
odysseus,torso.roll,27.417,2.6,23.2,-9.2,9.2,0.0169,0.014
odysseus,torso.roll,27.5,0.6,-23.2,-9.2,9.2,0.0118,0.01
odysseus,torso.roll,27.583,0,-7.7,-9.2,9.2,0.0028,0.001
odysseus,torso.roll,27.667,-0.6,-7.7,-9.2,9.2,0.0035,0.001
odysseus,torso.roll,27.75,-2.6,-23.2,-9.2,9.2,0.0169,0.014
odysseus,torso.roll,27.833,-1.1,17.2,-9.2,9.2,0.0135,0.008
odysseus,torso.roll,27.917,-0.3,10.3,-9.2,9.2,0.0028,0.001
odysseus,torso.roll,28,0,3.4,-9.2,9.2,0.0012,0
odysseus,torso.roll,28.083,0.5,5.7,-9.2,9.2,0.003,0.001
odysseus,torso.roll,28.167,1.9,17,-9.2,9.2,0.0124,0.008
odysseus,torso.roll,28.25,0.8,-12.6,-9.2,9.2,0.0099,0.005
odysseus,torso.roll,28.333,0.2,-7.6,-9.2,9.2,0.0021,0.001
odysseus,torso.roll,28.417,0,-2.5,-9.2,9.2,0.0009,0
odysseus,torso.roll,28.5,0,0,-9.2,9.2,0.0005,0
odysseus,torso.roll,31.25,-0.3,-3.2,-9.2,9.2,0.002,0
odysseus,torso.roll,31.333,-0.9,-7.7,-9.2,9.2,0.0058,0.002
odysseus,torso.roll,31.417,-1.7,-9.2,-9.2,9.2,0.0094,0.003
odysseus,torso.roll,31.5,-2.3,-7.7,-9.2,9.2,0.0129,0.004
odysseus,torso.roll,31.583,-2.6,-3.2,-9.2,9.2,0.0149,0.002
odysseus,torso.roll,31.667,-2.5,0.5,-9.2,9.2,0.0145,0.001
odysseus,torso.roll,31.75,-2.5,0.5,-9.2,9.2,0.0136,0.001
odysseus,torso.roll,31.833,-2.4,0.5,-9.2,9.2,0.0134,0.001
odysseus,torso.roll,31.917,-2.4,0.5,-9.2,9.2,0.0131,0.001
odysseus,torso.roll,32,-2.4,0.5,-9.2,9.2,0.0129,0.001
odysseus,torso.roll,32.083,-2.3,0.5,-9.2,9.2,0.0126,0.001
odysseus,torso.roll,32.167,-2.3,0.5,-9.2,9.2,0.0124,0.001
odysseus,torso.roll,32.25,-2.2,0.5,-9.2,9.2,0.0121,0.001
odysseus,torso.roll,32.333,-2.2,0.5,-9.2,9.2,0.0119,0.001
odysseus,torso.roll,32.417,-2.1,0.5,-9.2,9.2,0.0116,0
odysseus,torso.roll,32.5,-2.1,0.5,-9.2,9.2,0.0114,0
odysseus,torso.roll,32.583,-2,0.5,-9.2,9.2,0.0112,0
odysseus,torso.roll,32.667,-2,0.5,-9.2,9.2,0.0109,0
odysseus,torso.roll,32.75,-1.9,0.5,-9.2,9.2,0.0107,0
odysseus,torso.roll,32.833,-1.9,0.5,-9.2,9.2,0.0104,0
odysseus,torso.roll,32.917,-1.9,0.5,-9.2,9.2,0.0102,0
odysseus,torso.roll,33,-1.8,0.5,-9.2,9.2,0.0099,0
odysseus,torso.roll,33.083,-1.8,0.5,-9.2,9.2,0.0097,0
odysseus,torso.roll,33.167,-1.7,0.5,-9.2,9.2,0.0094,0
odysseus,torso.roll,33.25,-1.7,0,-9.2,9.2,0.0095,0
odysseus,torso.roll,34.833,-1.7,0,-9.2,9.2,0.0094,0
odysseus,head.yaw,0,0,0,-83.1,83.1,0,0
odysseus,head.yaw,0.583,9.6,115.2,-83.1,83.1,0.0045,0.018
odysseus,head.yaw,0.667,17.1,89.6,-83.1,83.1,0.007,0.022
odysseus,head.yaw,0.75,22.4,64,-83.1,83.1,0.0091,0.02
odysseus,head.yaw,0.833,25.6,38.4,-83.1,83.1,0.0103,0.014
odysseus,head.yaw,0.917,26.7,12.8,-83.1,83.1,0.0107,0.005
odysseus,head.yaw,1,26.3,-3.9,-83.1,83.1,0.0105,0.002
odysseus,head.yaw,1.083,25.7,-7.3,-83.1,83.1,0.0102,0.003
odysseus,head.yaw,1.167,25.4,-3.9,-83.1,83.1,0.0101,0.002
odysseus,head.yaw,1.25,25.4,0,-83.1,83.1,0.0101,0
odysseus,head.yaw,3.25,25.8,4.6,-83.1,83.1,0.0103,0.002
odysseus,head.yaw,3.333,26.1,3.8,-83.1,83.1,0.0104,0.002
odysseus,head.yaw,3.417,26.3,3,-83.1,83.1,0.0105,0.001
odysseus,head.yaw,3.5,26.5,2.1,-83.1,83.1,0.0105,0.001
odysseus,head.yaw,3.583,26.6,1.3,-83.1,83.1,0.0106,0.001
odysseus,head.yaw,3.667,26.7,0.4,-83.1,83.1,0.0106,0
odysseus,head.yaw,3.75,26.3,-3.9,-83.1,83.1,0.0105,0.002
odysseus,head.yaw,3.833,25.7,-7.3,-83.1,83.1,0.0102,0.003
odysseus,head.yaw,3.917,25.4,-3.9,-83.1,83.1,0.0101,0.002
odysseus,head.yaw,4,25.4,0,-83.1,83.1,0.0101,0
odysseus,head.yaw,6.333,25.8,5.5,-83.1,83.1,0.0103,0.002
odysseus,head.yaw,6.417,26.2,4.3,-83.1,83.1,0.0104,0.002
odysseus,head.yaw,6.5,26.5,3,-83.1,83.1,0.0105,0.001
odysseus,head.yaw,6.583,26.6,1.8,-83.1,83.1,0.0106,0.001
odysseus,head.yaw,6.667,26.7,0.6,-83.1,83.1,0.0106,0
odysseus,head.yaw,6.75,26.3,-3.9,-83.1,83.1,0.0105,0.002
odysseus,head.yaw,6.833,25.7,-7.3,-83.1,83.1,0.0102,0.003
odysseus,head.yaw,6.917,25.4,-3.9,-83.1,83.1,0.0101,0.002
odysseus,head.yaw,7,25.4,0,-83.1,83.1,0.0101,0
odysseus,head.yaw,8.75,25.8,5.5,-83.1,83.1,0.0103,0.002
odysseus,head.yaw,8.833,26.2,4.3,-83.1,83.1,0.0104,0.002
odysseus,head.yaw,8.917,26.5,3,-83.1,83.1,0.0105,0.001
odysseus,head.yaw,9,26.6,1.8,-83.1,83.1,0.0106,0.001
odysseus,head.yaw,9.083,26.7,0.6,-83.1,83.1,0.0106,0
odysseus,head.yaw,9.167,26.3,-3.9,-83.1,83.1,0.0105,0.002
odysseus,head.yaw,9.25,25.7,-7.3,-83.1,83.1,0.0102,0.003
odysseus,head.yaw,9.333,25.4,-3.9,-83.1,83.1,0.0101,0.002
odysseus,head.yaw,9.417,25.4,0,-83.1,83.1,0.0101,0
odysseus,head.yaw,11.333,25.8,4.6,-83.1,83.1,0.0103,0.002
odysseus,head.yaw,11.417,26.1,3.8,-83.1,83.1,0.0104,0.002
odysseus,head.yaw,11.5,26.3,3,-83.1,83.1,0.0105,0.001
odysseus,head.yaw,11.583,26.5,2.1,-83.1,83.1,0.0105,0.001
odysseus,head.yaw,11.667,26.6,1.3,-83.1,83.1,0.0106,0.001
odysseus,head.yaw,11.75,26.7,0.4,-83.1,83.1,0.0106,0
odysseus,head.yaw,11.833,26.3,-3.9,-83.1,83.1,0.0105,0.002
odysseus,head.yaw,11.917,25.7,-7.3,-83.1,83.1,0.0102,0.003
odysseus,head.yaw,12,25.4,-3.9,-83.1,83.1,0.0101,0.002
odysseus,head.yaw,12.083,25.4,0,-83.1,83.1,0.0101,0
odysseus,head.yaw,13.75,25.8,5.5,-83.1,83.1,0.0103,0.002
odysseus,head.yaw,13.833,26.2,4.3,-83.1,83.1,0.0104,0.002
odysseus,head.yaw,13.917,26.5,3,-83.1,83.1,0.0105,0.001
odysseus,head.yaw,14,26.6,1.8,-83.1,83.1,0.0106,0.001
odysseus,head.yaw,14.083,26.7,0.6,-83.1,83.1,0.0106,0
odysseus,head.yaw,14.167,26.3,-3.9,-83.1,83.1,0.0105,0.002
odysseus,head.yaw,14.25,25.7,-7.3,-83.1,83.1,0.0102,0.003
odysseus,head.yaw,14.333,25.4,-3.9,-83.1,83.1,0.0101,0.002
odysseus,head.yaw,14.417,25.4,0,-83.1,83.1,0.0101,0
odysseus,head.yaw,24.5,21.4,-47.6,-83.1,83.1,0.0088,0.015
odysseus,head.yaw,24.583,12.7,-104.7,-83.1,83.1,0.0055,0.02
odysseus,head.yaw,24.667,4,-104.7,-83.1,83.1,0.0016,0.006
odysseus,head.yaw,24.75,0,-47.6,-83.1,83.1,0.0003,0
odysseus,head.yaw,24.833,0,0,-83.1,83.1,0.0002,0
odysseus,head.yaw,28.667,17,204.5,-83.1,83.1,0.0079,0.057
odysseus,head.yaw,28.75,32.1,180.5,-83.1,83.1,0.0126,0.08
odysseus,head.yaw,28.833,45.1,156.4,-83.1,83.1,0.0168,0.092
odysseus,head.yaw,28.917,56.1,132.4,-83.1,83.1,0.0197,0.092
odysseus,head.yaw,29,65.2,108.3,-83.1,83.1,0.0215,0.082
odysseus,head.yaw,29.083,72.2,84.2,-83.1,83.1,0.0225,0.067
odysseus,head.yaw,29.167,77.2,60.2,-83.1,83.1,0.0231,0.05
odysseus,head.yaw,29.25,80.2,36.1,-83.1,83.1,0.0233,0.03
odysseus,head.yaw,29.333,81.2,12,-83.1,83.1,0.0234,0.011
odysseus,head.yaw,29.417,80.2,-12,-83.1,83.1,0.0233,0.011
odysseus,head.yaw,29.5,78.4,-22.3,-83.1,83.1,0.0231,0.019
odysseus,head.yaw,29.583,77.3,-12,-83.1,83.1,0.023,0.011
odysseus,head.yaw,29.667,77.3,0,-83.1,83.1,0.023,0.001
odysseus,head.yaw,30.167,78.2,9.7,-83.1,83.1,0.0231,0.009
odysseus,head.yaw,30.25,78.9,8.6,-83.1,83.1,0.0231,0.008
odysseus,head.yaw,30.333,79.5,7.4,-83.1,83.1,0.0232,0.007
odysseus,head.yaw,30.417,80,6.3,-83.1,83.1,0.0232,0.006
odysseus,head.yaw,30.5,80.5,5.2,-83.1,83.1,0.0232,0.005
odysseus,head.yaw,30.583,80.8,4,-83.1,83.1,0.0232,0.004
odysseus,head.yaw,30.667,81,2.9,-83.1,83.1,0.0233,0.003
odysseus,head.yaw,30.75,81.2,1.7,-83.1,83.1,0.0233,0.002
odysseus,head.yaw,30.833,81.2,0.6,-83.1,83.1,0.0233,0.002
odysseus,head.yaw,30.917,80.2,-12,-83.1,83.1,0.0233,0.011
odysseus,head.yaw,31,78.4,-22.3,-83.1,83.1,0.0231,0.019
odysseus,head.yaw,31.083,77.3,-12,-83.1,83.1,0.023,0.011
odysseus,head.yaw,31.167,77.3,0,-83.1,83.1,0.023,0.001
odysseus,head.yaw,32.833,78.2,9.7,-83.1,83.1,0.0231,0.009
odysseus,head.yaw,32.917,78.9,8.6,-83.1,83.1,0.0231,0.008
odysseus,head.yaw,33,79.5,7.4,-83.1,83.1,0.0232,0.007
odysseus,head.yaw,33.083,80,6.3,-83.1,83.1,0.0232,0.006
odysseus,head.yaw,33.167,80.5,5.2,-83.1,83.1,0.0232,0.005
odysseus,head.yaw,33.25,80.8,4,-83.1,83.1,0.0232,0.004
odysseus,head.yaw,33.333,81,2.9,-83.1,83.1,0.0233,0.003
odysseus,head.yaw,33.417,81.2,1.7,-83.1,83.1,0.0233,0.002
odysseus,head.yaw,33.5,81.2,0.6,-83.1,83.1,0.0233,0.002
odysseus,head.yaw,33.583,80.2,-12,-83.1,83.1,0.0233,0.011
odysseus,head.yaw,33.667,78.4,-22.3,-83.1,83.1,0.0231,0.019
odysseus,head.yaw,33.75,77.3,-12,-83.1,83.1,0.023,0.011
odysseus,head.yaw,33.833,77.3,0,-83.1,83.1,0.023,0.001
odysseus,head.yaw,34.833,77.3,0,-83.1,83.1,0.023,0.001
odysseus,head.pitch,0,0,0,-12.6,12.6,0,0
odysseus,head.pitch,0.583,2.7,34,-12.6,12.6,0.0013,0.002
odysseus,head.pitch,0.667,1.3,-17.5,-12.6,12.6,0.0008,0
odysseus,head.pitch,0.75,0.2,-12.7,-12.6,12.6,0.0001,0
odysseus,head.pitch,0.833,-0.4,-7.8,-12.6,12.6,0.0002,0
odysseus,head.pitch,0.917,-0.7,-3,-12.6,12.6,0.0003,0
odysseus,head.pitch,1,-0.7,-0.5,-12.6,12.6,0.0003,0
odysseus,head.pitch,1.083,-0.8,-0.6,-12.6,12.6,0.0003,0
odysseus,head.pitch,1.167,-0.8,-0.6,-12.6,12.6,0.0003,0
odysseus,head.pitch,1.25,-0.9,-0.6,-12.6,12.6,0.0004,0
odysseus,head.pitch,1.333,-0.9,-0.6,-12.6,12.6,0.0004,0
odysseus,head.pitch,1.417,-1,-0.6,-12.6,12.6,0.0004,0
odysseus,head.pitch,1.5,-1,-0.7,-12.6,12.6,0.0004,0
odysseus,head.pitch,1.583,-1.1,-0.7,-12.6,12.6,0.0004,0
odysseus,head.pitch,1.667,-1.1,-0.7,-12.6,12.6,0.0005,0
odysseus,head.pitch,1.75,-1.2,-0.7,-12.6,12.6,0.0005,0
odysseus,head.pitch,1.833,-1.2,-0.7,-12.6,12.6,0.0005,0
odysseus,head.pitch,1.917,-1.3,-0.6,-12.6,12.6,0.0005,0
odysseus,head.pitch,2,-1.4,-0.6,-12.6,12.6,0.0006,0
odysseus,head.pitch,2.083,-1.4,-0.6,-12.6,12.6,0.0006,0
odysseus,head.pitch,2.167,-1.5,-0.6,-12.6,12.6,0.0006,0
odysseus,head.pitch,2.25,-1.5,-0.6,-12.6,12.6,0.0006,0
odysseus,head.pitch,2.333,-1.6,-0.5,-12.6,12.6,0.0006,0
odysseus,head.pitch,2.417,-1.6,-0.5,-12.6,12.6,0.0007,0
odysseus,head.pitch,2.5,-1.6,-0.5,-12.6,12.6,0.0007,0
odysseus,head.pitch,3.25,1.4,39.1,-12.6,12.6,0.0008,0.001
odysseus,head.pitch,3.333,0.3,-14,-12.6,12.6,0.0004,0
odysseus,head.pitch,3.417,-0.6,-10.7,-12.6,12.6,0.0003,0
odysseus,head.pitch,3.5,-1.2,-7.4,-12.6,12.6,0.0005,0
odysseus,head.pitch,3.583,-1.6,-4.1,-12.6,12.6,0.0007,0
odysseus,head.pitch,3.667,-1.6,-0.8,-12.6,12.6,0.0007,0
odysseus,head.pitch,3.75,-1.6,0.9,-12.6,12.6,0.0007,0
odysseus,head.pitch,3.833,-1.5,1,-12.6,12.6,0.0006,0
odysseus,head.pitch,3.917,-1.4,1.1,-12.6,12.6,0.0006,0
odysseus,head.pitch,4,-1.3,1.1,-12.6,12.6,0.0005,0
odysseus,head.pitch,4.083,-1.2,1.1,-12.6,12.6,0.0005,0
odysseus,head.pitch,4.167,-1.1,1.2,-12.6,12.6,0.0005,0
odysseus,head.pitch,4.25,-1,1.2,-12.6,12.6,0.0004,0
odysseus,head.pitch,4.333,-0.9,1.1,-12.6,12.6,0.0004,0
odysseus,head.pitch,4.417,-0.8,1.1,-12.6,12.6,0.0003,0
odysseus,head.pitch,4.5,-0.7,1.1,-12.6,12.6,0.0003,0
odysseus,head.pitch,4.583,-0.7,1,-12.6,12.6,0.0003,0
odysseus,head.pitch,4.667,-0.6,0.9,-12.6,12.6,0.0002,0
odysseus,head.pitch,4.75,-0.5,0.8,-12.6,12.6,0.0002,0
odysseus,head.pitch,4.833,-0.5,0.6,-12.6,12.6,0.0002,0
odysseus,head.pitch,4.917,-0.4,0.5,-12.6,12.6,0.0002,0
odysseus,head.pitch,5.583,-0.5,-0.5,-12.6,12.6,0.0002,0
odysseus,head.pitch,5.667,-0.6,-0.6,-12.6,12.6,0.0002,0
odysseus,head.pitch,5.75,-0.6,-0.6,-12.6,12.6,0.0003,0
odysseus,head.pitch,5.833,-0.7,-0.7,-12.6,12.6,0.0003,0
odysseus,head.pitch,5.917,-0.8,-0.7,-12.6,12.6,0.0003,0
odysseus,head.pitch,6,-0.8,-0.8,-12.6,12.6,0.0003,0
odysseus,head.pitch,6.083,-0.9,-0.8,-12.6,12.6,0.0004,0
odysseus,head.pitch,6.167,-1,-0.8,-12.6,12.6,0.0004,0
odysseus,head.pitch,6.25,-1,-0.9,-12.6,12.6,0.0004,0
odysseus,head.pitch,6.333,2.1,38.3,-12.6,12.6,0.0011,0.001
odysseus,head.pitch,6.417,0.7,-18,-12.6,12.6,0.0006,0
odysseus,head.pitch,6.5,-0.4,-13.1,-12.6,12.6,0.0002,0
odysseus,head.pitch,6.583,-1.1,-8.2,-12.6,12.6,0.0005,0
odysseus,head.pitch,6.667,-1.4,-3.3,-12.6,12.6,0.0006,0
odysseus,head.pitch,6.75,-1.5,-0.8,-12.6,12.6,0.0006,0
odysseus,head.pitch,6.833,-1.5,-0.7,-12.6,12.6,0.0006,0
odysseus,head.pitch,6.917,-1.6,-0.7,-12.6,12.6,0.0006,0
odysseus,head.pitch,7,-1.6,-0.6,-12.6,12.6,0.0007,0
odysseus,head.pitch,7.083,-1.7,-0.6,-12.6,12.6,0.0007,0
odysseus,head.pitch,7.167,-1.7,-0.5,-12.6,12.6,0.0007,0
odysseus,head.pitch,7.25,-1.8,-0.4,-12.6,12.6,0.0007,0
odysseus,head.pitch,7.917,-1.7,0.6,-12.6,12.6,0.0007,0
odysseus,head.pitch,8,-1.6,0.8,-12.6,12.6,0.0007,0
odysseus,head.pitch,8.083,-1.6,0.9,-12.6,12.6,0.0006,0
odysseus,head.pitch,8.167,-1.5,1,-12.6,12.6,0.0006,0
odysseus,head.pitch,8.25,-1.4,1.1,-12.6,12.6,0.0006,0
odysseus,head.pitch,8.333,-1.3,1.1,-12.6,12.6,0.0005,0
odysseus,head.pitch,8.417,-1.2,1.1,-12.6,12.6,0.0005,0
odysseus,head.pitch,8.5,-1.1,1.2,-12.6,12.6,0.0005,0
odysseus,head.pitch,8.583,-1,1.2,-12.6,12.6,0.0004,0
odysseus,head.pitch,8.667,-0.9,1.1,-12.6,12.6,0.0004,0
odysseus,head.pitch,8.75,2.4,40.2,-12.6,12.6,0.0012,0.002
odysseus,head.pitch,8.833,1.1,-16.1,-12.6,12.6,0.0007,0
odysseus,head.pitch,8.917,0.2,-11.3,-12.6,12.6,0.0001,0
odysseus,head.pitch,9,-0.4,-6.5,-12.6,12.6,0.0002,0
odysseus,head.pitch,9.083,-0.5,-1.7,-12.6,12.6,0.0002,0
odysseus,head.pitch,9.167,-0.5,0.6,-12.6,12.6,0.0002,0
odysseus,head.pitch,9.25,-0.4,0.5,-12.6,12.6,0.0002,0
odysseus,head.pitch,9.917,-0.5,-0.5,-12.6,12.6,0.0002,0
odysseus,head.pitch,10,-0.6,-0.6,-12.6,12.6,0.0002,0
odysseus,head.pitch,10.083,-0.6,-0.6,-12.6,12.6,0.0003,0
odysseus,head.pitch,10.167,-0.7,-0.7,-12.6,12.6,0.0003,0
odysseus,head.pitch,10.25,-0.8,-0.7,-12.6,12.6,0.0003,0
odysseus,head.pitch,10.333,-0.8,-0.8,-12.6,12.6,0.0003,0
odysseus,head.pitch,10.417,-0.9,-0.8,-12.6,12.6,0.0004,0
odysseus,head.pitch,10.5,-1,-0.8,-12.6,12.6,0.0004,0
odysseus,head.pitch,10.583,-1,-0.9,-12.6,12.6,0.0004,0
odysseus,head.pitch,10.667,-1.1,-0.9,-12.6,12.6,0.0005,0
odysseus,head.pitch,10.75,-1.2,-0.9,-12.6,12.6,0.0005,0
odysseus,head.pitch,10.833,-1.3,-0.9,-12.6,12.6,0.0005,0
odysseus,head.pitch,10.917,-1.3,-0.8,-12.6,12.6,0.0005,0
odysseus,head.pitch,11,-1.4,-0.8,-12.6,12.6,0.0006,0
odysseus,head.pitch,11.083,-1.5,-0.8,-12.6,12.6,0.0006,0
odysseus,head.pitch,11.167,-1.5,-0.7,-12.6,12.6,0.0006,0
odysseus,head.pitch,11.25,-1.6,-0.7,-12.6,12.6,0.0006,0
odysseus,head.pitch,11.333,1.6,38.5,-12.6,12.6,0.0009,0.001
odysseus,head.pitch,11.417,0.4,-14.7,-12.6,12.6,0.0004,0
odysseus,head.pitch,11.5,-0.5,-11.5,-12.6,12.6,0.0002,0
odysseus,head.pitch,11.583,-1.2,-8.3,-12.6,12.6,0.0005,0
odysseus,head.pitch,11.667,-1.7,-5,-12.6,12.6,0.0007,0
odysseus,head.pitch,11.75,-1.8,-1.8,-12.6,12.6,0.0008,0
odysseus,head.pitch,11.833,-1.8,-0.2,-12.6,12.6,0.0008,0
odysseus,head.pitch,12.25,-1.7,0.6,-12.6,12.6,0.0007,0
odysseus,head.pitch,12.333,-1.6,0.8,-12.6,12.6,0.0007,0
odysseus,head.pitch,12.417,-1.6,0.9,-12.6,12.6,0.0006,0
odysseus,head.pitch,12.5,-1.5,1,-12.6,12.6,0.0006,0
odysseus,head.pitch,12.583,-1.4,1.1,-12.6,12.6,0.0006,0
odysseus,head.pitch,12.667,-1.3,1.1,-12.6,12.6,0.0005,0
odysseus,head.pitch,12.75,-1.2,1.1,-12.6,12.6,0.0005,0
odysseus,head.pitch,12.833,-1.1,1.2,-12.6,12.6,0.0005,0
odysseus,head.pitch,12.917,-1,1.2,-12.6,12.6,0.0004,0
odysseus,head.pitch,13,-0.9,1.1,-12.6,12.6,0.0004,0
odysseus,head.pitch,13.083,-0.8,1.1,-12.6,12.6,0.0003,0
odysseus,head.pitch,13.167,-0.7,1.1,-12.6,12.6,0.0003,0
odysseus,head.pitch,13.25,-0.7,1,-12.6,12.6,0.0003,0
odysseus,head.pitch,13.333,-0.6,0.9,-12.6,12.6,0.0002,0
odysseus,head.pitch,13.417,-0.5,0.8,-12.6,12.6,0.0002,0
odysseus,head.pitch,13.5,-0.5,0.6,-12.6,12.6,0.0002,0
odysseus,head.pitch,13.583,-0.4,0.5,-12.6,12.6,0.0002,0
odysseus,head.pitch,13.75,2.9,39.2,-12.6,12.6,0.0014,0.002
odysseus,head.pitch,13.833,1.4,-17.2,-12.6,12.6,0.0009,0.001
odysseus,head.pitch,13.917,0.4,-12.4,-12.6,12.6,0.0002,0
odysseus,head.pitch,14,-0.2,-7.6,-12.6,12.6,0.0001,0
odysseus,head.pitch,14.083,-0.5,-2.8,-12.6,12.6,0.0002,0
odysseus,head.pitch,14.167,-0.5,-0.4,-12.6,12.6,0.0002,0
odysseus,head.pitch,14.25,-0.5,-0.5,-12.6,12.6,0.0002,0
odysseus,head.pitch,14.333,-0.6,-0.6,-12.6,12.6,0.0002,0
odysseus,head.pitch,14.417,-0.6,-0.6,-12.6,12.6,0.0003,0
odysseus,head.pitch,14.5,-0.7,-0.7,-12.6,12.6,0.0003,0
odysseus,head.pitch,14.583,-0.8,-0.7,-12.6,12.6,0.0003,0
odysseus,head.pitch,14.667,-0.8,-0.8,-12.6,12.6,0.0003,0
odysseus,head.pitch,14.75,-0.9,-0.8,-12.6,12.6,0.0004,0
odysseus,head.pitch,14.833,-1,-0.8,-12.6,12.6,0.0004,0
odysseus,head.pitch,14.917,-1,-0.9,-12.6,12.6,0.0004,0
odysseus,head.pitch,15,-1.1,-0.9,-12.6,12.6,0.0005,0
odysseus,head.pitch,15.083,-1.2,-0.9,-12.6,12.6,0.0005,0
odysseus,head.pitch,15.167,-1.3,-0.9,-12.6,12.6,0.0005,0
odysseus,head.pitch,15.25,-1.3,-0.8,-12.6,12.6,0.0005,0
odysseus,head.pitch,15.333,-1.4,-0.8,-12.6,12.6,0.0006,0
odysseus,head.pitch,15.417,-1.5,-0.8,-12.6,12.6,0.0006,0
odysseus,head.pitch,15.5,-1.5,-0.7,-12.6,12.6,0.0006,0
odysseus,head.pitch,15.583,-1.6,-0.7,-12.6,12.6,0.0006,0
odysseus,head.pitch,15.667,-1.6,-0.6,-12.6,12.6,0.0007,0
odysseus,head.pitch,15.75,-1.7,-0.6,-12.6,12.6,0.0007,0
odysseus,head.pitch,15.833,-1.7,-0.5,-12.6,12.6,0.0007,0
odysseus,head.pitch,15.917,-1.8,-0.4,-12.6,12.6,0.0007,0
odysseus,head.pitch,16.583,-1.7,0.6,-12.6,12.6,0.0007,0
odysseus,head.pitch,16.667,-1.6,0.8,-12.6,12.6,0.0007,0
odysseus,head.pitch,16.75,-1.6,0.9,-12.6,12.6,0.0006,0
odysseus,head.pitch,16.833,-1.5,1,-12.6,12.6,0.0006,0
odysseus,head.pitch,16.917,-1.4,1.1,-12.6,12.6,0.0006,0
odysseus,head.pitch,17,-1.3,1.1,-12.6,12.6,0.0005,0
odysseus,head.pitch,17.083,-1.2,1.1,-12.6,12.6,0.0005,0
odysseus,head.pitch,17.167,-1.1,1.2,-12.6,12.6,0.0005,0
odysseus,head.pitch,17.25,-1,1.2,-12.6,12.6,0.0004,0
odysseus,head.pitch,17.333,-0.9,1.1,-12.6,12.6,0.0004,0
odysseus,head.pitch,17.417,-0.8,1.1,-12.6,12.6,0.0003,0
odysseus,head.pitch,17.5,-0.7,1.1,-12.6,12.6,0.0003,0
odysseus,head.pitch,17.583,-0.7,1,-12.6,12.6,0.0003,0
odysseus,head.pitch,17.667,-0.6,0.9,-12.6,12.6,0.0002,0
odysseus,head.pitch,17.75,-0.5,0.8,-12.6,12.6,0.0002,0
odysseus,head.pitch,17.833,-0.5,0.6,-12.6,12.6,0.0002,0
odysseus,head.pitch,17.917,-0.4,0.5,-12.6,12.6,0.0002,0
odysseus,head.pitch,18.583,-0.5,-0.5,-12.6,12.6,0.0002,0
odysseus,head.pitch,18.667,-0.6,-0.6,-12.6,12.6,0.0002,0
odysseus,head.pitch,18.75,-0.6,-0.6,-12.6,12.6,0.0003,0
odysseus,head.pitch,18.833,-0.7,-0.7,-12.6,12.6,0.0003,0
odysseus,head.pitch,18.917,-0.8,-0.7,-12.6,12.6,0.0003,0
odysseus,head.pitch,19,-0.8,-0.8,-12.6,12.6,0.0003,0
odysseus,head.pitch,19.083,-0.9,-0.8,-12.6,12.6,0.0004,0
odysseus,head.pitch,19.167,-1,-0.8,-12.6,12.6,0.0004,0
odysseus,head.pitch,19.25,-1,-0.9,-12.6,12.6,0.0004,0
odysseus,head.pitch,19.333,-1.1,-0.9,-12.6,12.6,0.0005,0
odysseus,head.pitch,19.417,-1.2,-0.9,-12.6,12.6,0.0005,0
odysseus,head.pitch,19.5,-1.3,-0.9,-12.6,12.6,0.0005,0
odysseus,head.pitch,19.583,-1.3,-0.8,-12.6,12.6,0.0005,0
odysseus,head.pitch,19.667,-1.4,-0.8,-12.6,12.6,0.0006,0
odysseus,head.pitch,19.75,-1.5,-0.8,-12.6,12.6,0.0006,0
odysseus,head.pitch,19.833,-1.5,-0.7,-12.6,12.6,0.0006,0
odysseus,head.pitch,19.917,-1.6,-0.7,-12.6,12.6,0.0006,0
odysseus,head.pitch,20,-1.6,-0.6,-12.6,12.6,0.0007,0
odysseus,head.pitch,20.083,-1.7,-0.6,-12.6,12.6,0.0007,0
odysseus,head.pitch,20.167,-1.7,-0.5,-12.6,12.6,0.0007,0
odysseus,head.pitch,20.25,-1.8,-0.4,-12.6,12.6,0.0007,0
odysseus,head.pitch,20.917,-1.7,0.6,-12.6,12.6,0.0007,0
odysseus,head.pitch,21,-1.6,0.8,-12.6,12.6,0.0007,0
odysseus,head.pitch,21.083,-1.6,0.9,-12.6,12.6,0.0006,0
odysseus,head.pitch,21.167,-1.5,1,-12.6,12.6,0.0006,0
odysseus,head.pitch,21.25,-1.4,1.1,-12.6,12.6,0.0006,0
odysseus,head.pitch,21.333,-1.3,1.1,-12.6,12.6,0.0005,0
odysseus,head.pitch,21.417,-1.2,1.1,-12.6,12.6,0.0005,0
odysseus,head.pitch,21.5,-1.1,1.2,-12.6,12.6,0.0005,0
odysseus,head.pitch,21.583,-1,1.2,-12.6,12.6,0.0004,0
odysseus,head.pitch,21.667,-0.9,1.1,-12.6,12.6,0.0004,0
odysseus,head.pitch,21.75,-0.8,1.1,-12.6,12.6,0.0003,0
odysseus,head.pitch,21.833,-0.7,1.1,-12.6,12.6,0.0003,0
odysseus,head.pitch,21.917,-0.7,1,-12.6,12.6,0.0003,0
odysseus,head.pitch,22,-0.6,0.9,-12.6,12.6,0.0002,0
odysseus,head.pitch,22.083,-0.5,0.8,-12.6,12.6,0.0002,0
odysseus,head.pitch,22.167,-0.5,0.6,-12.6,12.6,0.0002,0
odysseus,head.pitch,22.25,-0.4,0.5,-12.6,12.6,0.0002,0
odysseus,head.pitch,22.833,-0.5,-0.6,-12.6,12.6,0.0002,0
odysseus,head.pitch,22.917,-0.6,-0.7,-12.6,12.6,0.0002,0
odysseus,head.pitch,23,-0.7,-0.8,-12.6,12.6,0.0003,0
odysseus,head.pitch,23.083,-0.7,-0.8,-12.6,12.6,0.0003,0
odysseus,head.pitch,23.167,-0.8,-0.9,-12.6,12.6,0.0003,0
odysseus,head.pitch,23.25,-0.9,-0.9,-12.6,12.6,0.0004,0
odysseus,head.pitch,23.333,-1,-0.9,-12.6,12.6,0.0004,0
odysseus,head.pitch,23.417,-1,-1,-12.6,12.6,0.0004,0
odysseus,head.pitch,23.5,-1.1,-1,-12.6,12.6,0.0005,0
odysseus,head.pitch,23.583,-1.2,-0.9,-12.6,12.6,0.0005,0
odysseus,head.pitch,23.667,-1.3,-0.9,-12.6,12.6,0.0005,0
odysseus,head.pitch,23.75,-1.3,-0.9,-12.6,12.6,0.0006,0
odysseus,head.pitch,23.833,-1.4,-0.8,-12.6,12.6,0.0006,0
odysseus,head.pitch,23.917,-1.5,-0.8,-12.6,12.6,0.0006,0
odysseus,head.pitch,24,-1.5,-0.7,-12.6,12.6,0.0006,0
odysseus,head.pitch,24.083,-1.6,-0.6,-12.6,12.6,0.0007,0
odysseus,head.pitch,24.167,-1.6,-0.5,-12.6,12.6,0.0007,0
odysseus,head.pitch,24.5,-1.4,3.4,-12.6,12.6,0.0006,0
odysseus,head.pitch,24.583,-0.7,7.8,-12.6,12.6,0.0003,0
odysseus,head.pitch,24.667,0,8.5,-12.6,12.6,0,0
odysseus,head.pitch,24.75,0.4,5.6,-12.6,12.6,0.0002,0
odysseus,head.pitch,24.833,-0.5,-10.8,-12.6,12.6,0.0003,0
odysseus,head.pitch,24.917,-1.5,-12.4,-12.6,12.6,0.0006,0
odysseus,head.pitch,25,-0.7,9.7,-12.6,12.6,0.0004,0
odysseus,head.pitch,25.083,0.8,18,-12.6,12.6,0.0004,0
odysseus,head.pitch,25.167,1.6,9.7,-12.6,12.6,0.0007,0
odysseus,head.pitch,25.25,0,-18.9,-12.6,12.6,0.0002,0
odysseus,head.pitch,25.333,-1.5,-18.9,-12.6,12.6,0.0006,0
odysseus,head.pitch,25.417,0,18.9,-12.6,12.6,0.0002,0
odysseus,head.pitch,25.5,1.6,18.9,-12.6,12.6,0.0007,0
odysseus,head.pitch,25.583,0,-18.9,-12.6,12.6,0.0002,0
odysseus,head.pitch,25.667,-1.5,-18.9,-12.6,12.6,0.0006,0
odysseus,head.pitch,25.75,0,18.9,-12.6,12.6,0.0002,0
odysseus,head.pitch,25.833,1.6,18.9,-12.6,12.6,0.0007,0
odysseus,head.pitch,25.917,0,-18.9,-12.6,12.6,0.0002,0
odysseus,head.pitch,26,-1.5,-18.9,-12.6,12.6,0.0006,0
odysseus,head.pitch,26.083,0,18.9,-12.6,12.6,0.0002,0
odysseus,head.pitch,26.167,1.6,18.9,-12.6,12.6,0.0007,0
odysseus,head.pitch,26.25,0,-18.9,-12.6,12.6,0.0002,0
odysseus,head.pitch,26.333,-1.5,-18.9,-12.6,12.6,0.0006,0
odysseus,head.pitch,26.417,0,18.9,-12.6,12.6,0.0002,0
odysseus,head.pitch,26.5,1.6,18.9,-12.6,12.6,0.0007,0
odysseus,head.pitch,26.583,0,-18.9,-12.6,12.6,0.0002,0
odysseus,head.pitch,26.667,-1.5,-18.9,-12.6,12.6,0.0006,0
odysseus,head.pitch,26.75,0,18.9,-12.6,12.6,0.0002,0
odysseus,head.pitch,26.833,1.6,18.9,-12.6,12.6,0.0007,0
odysseus,head.pitch,26.917,0,-18.9,-12.6,12.6,0.0002,0
odysseus,head.pitch,27,-1.5,-18.9,-12.6,12.6,0.0006,0
odysseus,head.pitch,27.083,0,18.9,-12.6,12.6,0.0002,0
odysseus,head.pitch,27.167,1.6,18.9,-12.6,12.6,0.0007,0
odysseus,head.pitch,27.25,0,-18.9,-12.6,12.6,0.0002,0
odysseus,head.pitch,27.333,-1.5,-18.9,-12.6,12.6,0.0006,0
odysseus,head.pitch,27.417,0,18.9,-12.6,12.6,0.0002,0
odysseus,head.pitch,27.5,1.6,18.9,-12.6,12.6,0.0007,0
odysseus,head.pitch,27.583,0,-18.9,-12.6,12.6,0.0002,0
odysseus,head.pitch,27.667,-1.5,-18.9,-12.6,12.6,0.0006,0
odysseus,head.pitch,27.75,0,18.9,-12.6,12.6,0.0002,0
odysseus,head.pitch,27.833,1.6,18.9,-12.6,12.6,0.0007,0
odysseus,head.pitch,27.917,0.8,-9.8,-12.6,12.6,0.0005,0
odysseus,head.pitch,28,-0.7,-18.2,-12.6,12.6,0.0003,0
odysseus,head.pitch,28.083,-1.5,-9.8,-12.6,12.6,0.0007,0
odysseus,head.pitch,28.167,-0.2,15.7,-12.6,12.6,0.0002,0
odysseus,head.pitch,28.25,1.1,15.7,-12.6,12.6,0.0004,0
odysseus,head.pitch,28.333,0.6,-5.2,-12.6,12.6,0.0004,0
odysseus,head.pitch,28.417,-0.2,-9.6,-12.6,12.6,0.0001,0
odysseus,head.pitch,28.5,-0.6,-5.2,-12.6,12.6,0.0003,0
odysseus,head.pitch,28.583,-0.6,0.2,-12.6,12.6,0.0003,0
odysseus,head.pitch,28.667,2.7,39.5,-12.6,12.6,0.0013,0.002
odysseus,head.pitch,28.75,2.1,-7.5,-12.6,12.6,0.0011,0
odysseus,head.pitch,28.833,1.6,-6.4,-12.6,12.6,0.0006,0
odysseus,head.pitch,28.917,1.1,-5.5,-12.6,12.6,0.0005,0
odysseus,head.pitch,29,0.7,-4.7,-12.6,12.6,0.0003,0
odysseus,head.pitch,29.083,2,15.3,-12.6,12.6,0.0009,0
odysseus,head.pitch,29.167,2.7,8.8,-12.6,12.6,0.0012,0
odysseus,head.pitch,29.25,2.9,2.2,-12.6,12.6,0.0012,0
odysseus,head.pitch,29.333,2.8,-0.9,-12.6,12.6,0.0012,0
odysseus,head.pitch,29.417,2.8,-1,-12.6,12.6,0.0011,0
odysseus,head.pitch,29.5,2.6,-1.5,-12.6,12.6,0.0011,0
odysseus,head.pitch,29.583,2.5,-2,-12.6,12.6,0.001,0
odysseus,head.pitch,29.667,2.3,-2.4,-12.6,12.6,0.0009,0
odysseus,head.pitch,29.75,2,-2.7,-12.6,12.6,0.0008,0
odysseus,head.pitch,29.833,1.8,-2.9,-12.6,12.6,0.0007,0
odysseus,head.pitch,29.917,1.6,-3,-12.6,12.6,0.0006,0
odysseus,head.pitch,30,1.3,-3,-12.6,12.6,0.0005,0
odysseus,head.pitch,30.083,1.1,-3,-12.6,12.6,0.0004,0
odysseus,head.pitch,30.167,3.7,31.5,-12.6,12.6,0.0017,0.002
odysseus,head.pitch,30.25,2.8,-10.7,-12.6,12.6,0.0014,0.001
odysseus,head.pitch,30.333,2,-9.3,-12.6,12.6,0.0008,0
odysseus,head.pitch,30.417,1.4,-7.9,-12.6,12.6,0.0006,0
odysseus,head.pitch,30.5,0.8,-6.4,-12.6,12.6,0.0003,0
odysseus,head.pitch,30.583,0.4,-4.7,-12.6,12.6,0.0002,0
odysseus,head.pitch,30.667,0.2,-3,-12.6,12.6,0.0001,0
odysseus,head.pitch,30.75,0,-1.6,-12.6,12.6,0,0
odysseus,head.pitch,30.833,0,-0.5,-12.6,12.6,0,0
odysseus,head.pitch,30.917,0,0,-12.6,12.6,0,0
odysseus,head.pitch,32.833,2.9,34.4,-12.6,12.6,0.0013,0.002
odysseus,head.pitch,32.917,2.2,-8.1,-12.6,12.6,0.0011,0
odysseus,head.pitch,33,1.6,-7,-12.6,12.6,0.0007,0
odysseus,head.pitch,33.083,1.1,-5.9,-12.6,12.6,0.0005,0
odysseus,head.pitch,33.167,0.7,-4.8,-12.6,12.6,0.0003,0
odysseus,head.pitch,33.25,0.4,-3.8,-12.6,12.6,0.0002,0
odysseus,head.pitch,33.333,0.2,-2.7,-12.6,12.6,0.0001,0
odysseus,head.pitch,33.417,0,-1.6,-12.6,12.6,0,0
odysseus,head.pitch,33.5,0,-0.5,-12.6,12.6,0,0
odysseus,head.pitch,33.583,0,0,-12.6,12.6,0,0
odysseus,head.pitch,34.833,0,0,-12.6,12.6,0,0
odysseus,arm.R.pitch,0,-34.4,0,-183.3,60.2,0.0166,0.001
odysseus,arm.R.pitch,8.25,-43.3,-107.4,-183.3,60.2,0.0215,0.082
odysseus,arm.R.pitch,8.333,-63,-236.3,-183.3,60.2,0.0278,0.231
odysseus,arm.R.pitch,8.417,-82.7,-236.3,-183.3,60.2,0.0292,0.243
odysseus,arm.R.pitch,8.5,-91.7,-107.4,-183.3,60.2,0.031,0.118
odysseus,arm.R.pitch,8.583,-73.1,222.8,-183.3,60.2,0.0323,0.253
odysseus,arm.R.pitch,8.667,-58.7,173.3,-183.3,60.2,0.0258,0.157
odysseus,arm.R.pitch,8.75,-48.4,123.8,-183.3,60.2,0.0226,0.099
odysseus,arm.R.pitch,8.833,-42.2,74.3,-183.3,60.2,0.0204,0.054
odysseus,arm.R.pitch,8.917,-40.1,24.8,-183.3,60.2,0.0196,0.018
odysseus,arm.R.pitch,9,-42.3,-26.6,-183.3,60.2,0.0205,0.02
odysseus,arm.R.pitch,9.083,-48.2,-70.1,-183.3,60.2,0.0225,0.056
odysseus,arm.R.pitch,9.167,-56.4,-99.1,-183.3,60.2,0.0249,0.087
odysseus,arm.R.pitch,9.25,-65.9,-113.6,-183.3,60.2,0.027,0.109
odysseus,arm.R.pitch,9.333,-75.4,-113.6,-183.3,60.2,0.0285,0.115
odysseus,arm.R.pitch,9.417,-83.6,-99.1,-183.3,60.2,0.0294,0.104
odysseus,arm.R.pitch,9.5,-89.5,-70.1,-183.3,60.2,0.0298,0.075
odysseus,arm.R.pitch,9.583,-91.7,-26.6,-183.3,60.2,0.03,0.03
odysseus,arm.R.pitch,9.667,-73.1,222.8,-183.3,60.2,0.0313,0.245
odysseus,arm.R.pitch,9.75,-58.7,173.3,-183.3,60.2,0.0258,0.157
odysseus,arm.R.pitch,9.833,-48.4,123.8,-183.3,60.2,0.0226,0.099
odysseus,arm.R.pitch,9.917,-42.2,74.3,-183.3,60.2,0.0204,0.054
odysseus,arm.R.pitch,10,-40.1,24.8,-183.3,60.2,0.0196,0.018
odysseus,arm.R.pitch,10.083,-43,-34.3,-183.3,60.2,0.0208,0.026
odysseus,arm.R.pitch,10.167,-50.3,-88.4,-183.3,60.2,0.0233,0.073
odysseus,arm.R.pitch,10.25,-60.4,-120.9,-183.3,60.2,0.026,0.111
odysseus,arm.R.pitch,10.333,-71.4,-131.7,-183.3,60.2,0.028,0.13
odysseus,arm.R.pitch,10.417,-81.5,-120.9,-183.3,60.2,0.0292,0.125
odysseus,arm.R.pitch,10.5,-88.8,-88.4,-183.3,60.2,0.0298,0.094
odysseus,arm.R.pitch,10.583,-91.7,-34.3,-183.3,60.2,0.0301,0.038
odysseus,arm.R.pitch,10.667,-75.9,189.1,-183.3,60.2,0.0314,0.209
odysseus,arm.R.pitch,10.75,-63,154.7,-183.3,60.2,0.0267,0.145
odysseus,arm.R.pitch,10.833,-53,120.3,-183.3,60.2,0.0239,0.102
odysseus,arm.R.pitch,10.917,-45.8,85.9,-183.3,60.2,0.0215,0.066
odysseus,arm.R.pitch,11,-41.5,51.6,-183.3,60.2,0.0199,0.037
odysseus,arm.R.pitch,11.083,-40.1,17.2,-183.3,60.2,0.0194,0.012
odysseus,arm.R.pitch,11.167,-43,-34.3,-183.3,60.2,0.0207,0.026
odysseus,arm.R.pitch,11.25,-50.3,-88.4,-183.3,60.2,0.0233,0.073
odysseus,arm.R.pitch,11.333,-60.4,-120.9,-183.3,60.2,0.026,0.111
odysseus,arm.R.pitch,11.417,-71.4,-131.7,-183.3,60.2,0.028,0.13
odysseus,arm.R.pitch,11.5,-81.5,-120.9,-183.3,60.2,0.0292,0.125
odysseus,arm.R.pitch,11.583,-88.8,-88.4,-183.3,60.2,0.0298,0.094
odysseus,arm.R.pitch,11.667,-91.7,-34.3,-183.3,60.2,0.0301,0.038
odysseus,arm.R.pitch,11.75,-73.1,222.8,-183.3,60.2,0.0314,0.246
odysseus,arm.R.pitch,11.833,-58.7,173.3,-183.3,60.2,0.0258,0.157
odysseus,arm.R.pitch,11.917,-48.4,123.8,-183.3,60.2,0.0226,0.099
odysseus,arm.R.pitch,12,-42.2,74.3,-183.3,60.2,0.0204,0.054
odysseus,arm.R.pitch,12.083,-40.1,24.8,-183.3,60.2,0.0196,0.018
odysseus,arm.R.pitch,12.167,-43,-34.3,-183.3,60.2,0.0208,0.026
odysseus,arm.R.pitch,12.25,-50.3,-88.4,-183.3,60.2,0.0233,0.073
odysseus,arm.R.pitch,12.333,-60.4,-120.9,-183.3,60.2,0.026,0.111
odysseus,arm.R.pitch,12.417,-71.4,-131.7,-183.3,60.2,0.028,0.13
odysseus,arm.R.pitch,12.5,-81.5,-120.9,-183.3,60.2,0.0292,0.125
odysseus,arm.R.pitch,12.583,-88.8,-88.4,-183.3,60.2,0.0298,0.094
odysseus,arm.R.pitch,12.667,-91.7,-34.3,-183.3,60.2,0.0301,0.038
odysseus,arm.R.pitch,12.75,-73.1,222.8,-183.3,60.2,0.0314,0.246
odysseus,arm.R.pitch,12.833,-58.7,173.3,-183.3,60.2,0.0258,0.157
odysseus,arm.R.pitch,12.917,-48.4,123.8,-183.3,60.2,0.0226,0.099
odysseus,arm.R.pitch,13,-42.2,74.3,-183.3,60.2,0.0204,0.054
odysseus,arm.R.pitch,13.083,-40.1,24.8,-183.3,60.2,0.0196,0.018
odysseus,arm.R.pitch,13.167,-43,-34.3,-183.3,60.2,0.0208,0.026
odysseus,arm.R.pitch,13.25,-50.3,-88.4,-183.3,60.2,0.0233,0.073
odysseus,arm.R.pitch,13.333,-60.4,-120.9,-183.3,60.2,0.026,0.111
odysseus,arm.R.pitch,13.417,-71.4,-131.7,-183.3,60.2,0.028,0.13
odysseus,arm.R.pitch,13.5,-81.5,-120.9,-183.3,60.2,0.0292,0.125
odysseus,arm.R.pitch,13.583,-88.8,-88.4,-183.3,60.2,0.0298,0.094
odysseus,arm.R.pitch,13.667,-91.7,-34.3,-183.3,60.2,0.0301,0.038
odysseus,arm.R.pitch,13.75,-75.9,189.1,-183.3,60.2,0.0314,0.209
odysseus,arm.R.pitch,13.833,-63,154.7,-183.3,60.2,0.0267,0.145
odysseus,arm.R.pitch,13.917,-53,120.3,-183.3,60.2,0.0239,0.102
odysseus,arm.R.pitch,14,-45.8,85.9,-183.3,60.2,0.0215,0.066
odysseus,arm.R.pitch,14.083,-41.5,51.6,-183.3,60.2,0.0199,0.037
odysseus,arm.R.pitch,14.167,-40.1,17.2,-183.3,60.2,0.0194,0.012
odysseus,arm.R.pitch,14.25,-38.6,17.8,-183.3,60.2,0.0184,0.012
odysseus,arm.R.pitch,14.333,-35.9,33.1,-183.3,60.2,0.0174,0.021
odysseus,arm.R.pitch,14.417,-34.4,17.8,-183.3,60.2,0.0168,0.011
odysseus,arm.R.pitch,14.5,-34.4,0,-183.3,60.2,0.0168,0.001
odysseus,arm.R.pitch,24.417,-34.4,-0.8,-183.3,60.2,0.0167,0.001
odysseus,arm.R.pitch,24.5,-36.8,-28.8,-183.3,60.2,0.018,0.019
odysseus,arm.R.pitch,24.583,-43.4,-78.4,-183.3,60.2,0.0208,0.058
odysseus,arm.R.pitch,24.667,-49.7,-76.3,-183.3,60.2,0.0225,0.061
odysseus,arm.R.pitch,24.75,-48.8,11.6,-183.3,60.2,0.0232,0.011
odysseus,arm.R.pitch,24.833,-37.9,130.3,-183.3,60.2,0.0196,0.09
odysseus,arm.R.pitch,24.917,-24.1,165.7,-183.3,60.2,0.0125,0.072
odysseus,arm.R.pitch,25,-17.1,84.2,-183.3,60.2,0.0097,0.029
odysseus,arm.R.pitch,25.083,-21.2,-49.4,-183.3,60.2,0.0123,0.022
odysseus,arm.R.pitch,25.167,-36.2,-179.9,-183.3,60.2,0.019,0.12
odysseus,arm.R.pitch,25.25,-56.6,-244.8,-183.3,60.2,0.0254,0.218
odysseus,arm.R.pitch,25.333,-73.8,-206.5,-183.3,60.2,0.0287,0.209
odysseus,arm.R.pitch,25.417,-80.2,-77.3,-183.3,60.2,0.0306,0.085
odysseus,arm.R.pitch,25.5,-73.6,80,-183.3,60.2,0.0302,0.086
odysseus,arm.R.pitch,25.583,-58.5,180.7,-183.3,60.2,0.0264,0.168
odysseus,arm.R.pitch,25.667,-44.9,164,-183.3,60.2,0.021,0.121
odysseus,arm.R.pitch,25.75,-42.2,31.8,-183.3,60.2,0.0214,0.025
odysseus,arm.R.pitch,25.833,-54.4,-146.1,-183.3,60.2,0.0262,0.135
odysseus,arm.R.pitch,25.917,-76.7,-267.8,-183.3,60.2,0.0302,0.284
odysseus,arm.R.pitch,26,-98.3,-259.3,-183.3,60.2,0.0292,0.266
odysseus,arm.R.pitch,26.083,-108.5,-122.1,-183.3,60.2,0.0296,0.128
odysseus,arm.R.pitch,26.167,-103.2,63.4,-183.3,60.2,0.031,0.07
odysseus,arm.R.pitch,26.25,-87.9,184.1,-183.3,60.2,0.0309,0.201
odysseus,arm.R.pitch,26.333,-74.2,164.2,-183.3,60.2,0.0286,0.165
odysseus,arm.R.pitch,26.417,-73,14,-183.3,60.2,0.03,0.016
odysseus,arm.R.pitch,26.5,-87.6,-174.5,-183.3,60.2,0.0318,0.196
odysseus,arm.R.pitch,26.583,-111.3,-284.8,-183.3,60.2,0.0288,0.288
odysseus,arm.R.pitch,26.667,-132,-248.8,-183.3,60.2,0.0223,0.195
odysseus,arm.R.pitch,26.75,-139.5,-89.8,-183.3,60.2,0.0211,0.067
odysseus,arm.R.pitch,26.833,-131.7,93.9,-183.3,60.2,0.0243,0.081
odysseus,arm.R.pitch,26.917,-115.8,191.1,-183.3,60.2,0.0277,0.186
odysseus,arm.R.pitch,27,-103.6,145.8,-183.3,60.2,0.0292,0.15
odysseus,arm.R.pitch,27.083,-104.5,-10.7,-183.3,60.2,0.0305,0.013
odysseus,arm.R.pitch,27.167,-119.7,-183,-183.3,60.2,0.0277,0.179
odysseus,arm.R.pitch,27.25,-142.3,-271.1,-183.3,60.2,0.0191,0.181
odysseus,arm.R.pitch,27.333,-161.4,-228.6,-183.3,60.2,0.0099,0.079
odysseus,arm.R.pitch,27.417,-160.3,13.5,-183.3,60.2,0.013,0.006
odysseus,arm.R.pitch,27.5,-134.2,313,-183.3,60.2,0.0249,0.273
odysseus,arm.R.pitch,27.583,-96.2,455.9,-183.3,60.2,0.0311,0.496
odysseus,arm.R.pitch,27.667,-63,398.1,-183.3,60.2,0.0269,0.376
odysseus,arm.R.pitch,27.75,-50.1,155,-183.3,60.2,0.0256,0.14
odysseus,arm.R.pitch,27.833,-47.1,35.5,-183.3,60.2,0.0231,0.03
odysseus,arm.R.pitch,27.917,-44.6,30.7,-183.3,60.2,0.0207,0.023
odysseus,arm.R.pitch,28,-53.1,-102.2,-183.3,60.2,0.0252,0.091
odysseus,arm.R.pitch,28.083,-69.6,-198.5,-183.3,60.2,0.0288,0.201
odysseus,arm.R.pitch,28.167,-81.8,-146.5,-183.3,60.2,0.0298,0.154
odysseus,arm.R.pitch,28.25,-94,-145.7,-183.3,60.2,0.0294,0.151
odysseus,arm.R.pitch,28.333,-114.8,-249.3,-183.3,60.2,0.028,0.245
odysseus,arm.R.pitch,28.417,-149,-410.4,-183.3,60.2,0.0172,0.247
odysseus,arm.R.pitch,28.5,-88.9,721.1,-183.3,60.2,0.0436,1.102
odysseus,arm.R.pitch,28.583,-52.3,438.6,-183.3,60.2,0.0268,0.412
odysseus,arm.R.pitch,28.667,-40.1,146.6,-183.3,60.2,0.0226,0.117
odysseus,arm.R.pitch,28.75,-43.4,-39.8,-183.3,60.2,0.0226,0.032
odysseus,arm.R.pitch,28.833,-50.7,-87.5,-183.3,60.2,0.0234,0.073
odysseus,arm.R.pitch,28.917,-58,-87.5,-183.3,60.2,0.025,0.078
odysseus,arm.R.pitch,29,-61.3,-39.8,-183.3,60.2,0.0264,0.038
odysseus,arm.R.pitch,29.083,-133.5,-866.1,-183.3,60.2,0.0317,0.961
odysseus,arm.R.pitch,29.167,-157.6,-288.7,-183.3,60.2,0.0185,0.187
odysseus,arm.R.pitch,29.25,-183.3,-309.4,-183.3,60.2,0.002,0.021
odysseus,arm.R.pitch,29.333,-183.3,0,-183.3,60.2,0.0056,0
odysseus,arm.R.pitch,30.5,-176,88.6,-183.3,60.2,0.0032,0.01
odysseus,arm.R.pitch,30.583,-169,84,-183.3,60.2,0.0057,0.017
odysseus,arm.R.pitch,30.667,-166.2,33.6,-183.3,60.2,0.0077,0.009
odysseus,arm.R.pitch,30.75,-166.2,0,-183.3,60.2,0.0075,0
odysseus,arm.R.pitch,34.833,-166.2,0,-183.3,60.2,0.007,0
odysseus,arm.R.out,0,0,0,-11.5,31.5,0,0
odysseus,arm.R.out,29.083,2.7,32.1,-11.5,31.5,0.0018,0.002
odysseus,arm.R.out,29.167,4.2,18,-11.5,31.5,0.0023,0.001
odysseus,arm.R.out,29.25,4.8,7.6,-11.5,31.5,0.0026,0.001
odysseus,arm.R.out,29.333,4.9,0.9,-11.5,31.5,0.0026,0
odysseus,arm.R.out,29.417,4.7,-2.1,-11.5,31.5,0.0025,0
odysseus,arm.R.out,29.5,4.6,-1.5,-11.5,31.5,0.0024,0
odysseus,arm.R.out,29.583,4.4,-1.7,-11.5,31.5,0.0023,0
odysseus,arm.R.out,29.667,4.3,-1.7,-11.5,31.5,0.0022,0
odysseus,arm.R.out,29.75,4.2,-1.7,-11.5,31.5,0.0021,0
odysseus,arm.R.out,29.833,4,-1.7,-11.5,31.5,0.0021,0
odysseus,arm.R.out,29.917,3.9,-1.7,-11.5,31.5,0.002,0
odysseus,arm.R.out,30,3.7,-1.7,-11.5,31.5,0.0019,0
odysseus,arm.R.out,30.083,3.6,-1.7,-11.5,31.5,0.0018,0
odysseus,arm.R.out,30.167,3.4,-1.7,-11.5,31.5,0.0018,0
odysseus,arm.R.out,30.25,3.2,-3.1,-11.5,31.5,0.0017,0
odysseus,arm.R.out,30.333,2.5,-7.6,-11.5,31.5,0.0014,0
odysseus,arm.R.out,30.417,1.7,-9.9,-11.5,31.5,0.0009,0
odysseus,arm.R.out,30.5,0.9,-9.9,-11.5,31.5,0.0005,0
odysseus,arm.R.out,30.583,0.3,-7.6,-11.5,31.5,0.0002,0
odysseus,arm.R.out,30.667,0,-3.1,-11.5,31.5,0.0001,0
odysseus,arm.R.out,30.75,0,0,-11.5,31.5,0,0
odysseus,arm.R.out,34.833,0,0,-11.5,31.5,0,0
odysseus,arm.L.pitch,0,0,0,-183.3,60.2,0,0
odysseus,arm.L.pitch,8.25,-13,-155.8,-183.3,60.2,0.0086,0.047
odysseus,arm.L.pitch,8.333,-41.5,-342.7,-183.3,60.2,0.0219,0.263
odysseus,arm.L.pitch,8.417,-70.1,-342.7,-183.3,60.2,0.0277,0.333
odysseus,arm.L.pitch,8.5,-83.1,-155.8,-183.3,60.2,0.0316,0.174
odysseus,arm.L.pitch,8.583,-69.7,160.9,-183.3,60.2,0.0316,0.179
odysseus,arm.L.pitch,8.667,-59.2,125.1,-183.3,60.2,0.0257,0.114
odysseus,arm.L.pitch,8.75,-51.8,89.4,-183.3,60.2,0.0236,0.075
odysseus,arm.L.pitch,8.833,-47.3,53.6,-183.3,60.2,0.0221,0.042
odysseus,arm.L.pitch,8.917,-45.8,17.9,-183.3,60.2,0.0216,0.014
odysseus,arm.L.pitch,9,-47.4,-19.2,-183.3,60.2,0.0221,0.016
odysseus,arm.L.pitch,9.083,-51.7,-50.6,-183.3,60.2,0.0235,0.043
odysseus,arm.L.pitch,9.167,-57.6,-71.6,-183.3,60.2,0.0251,0.064
odysseus,arm.L.pitch,9.25,-64.5,-82,-183.3,60.2,0.0267,0.078
odysseus,arm.L.pitch,9.333,-71.3,-82,-183.3,60.2,0.0279,0.081
odysseus,arm.L.pitch,9.417,-77.3,-71.6,-183.3,60.2,0.0288,0.074
odysseus,arm.L.pitch,9.5,-81.5,-50.6,-183.3,60.2,0.0294,0.054
odysseus,arm.L.pitch,9.583,-83.1,-19.2,-183.3,60.2,0.0296,0.022
odysseus,arm.L.pitch,9.667,-69.7,160.9,-183.3,60.2,0.0299,0.169
odysseus,arm.L.pitch,9.75,-59.2,125.1,-183.3,60.2,0.0257,0.114
odysseus,arm.L.pitch,9.833,-51.8,89.4,-183.3,60.2,0.0236,0.075
odysseus,arm.L.pitch,9.917,-47.3,53.6,-183.3,60.2,0.0221,0.042
odysseus,arm.L.pitch,10,-45.8,17.9,-183.3,60.2,0.0216,0.014
odysseus,arm.L.pitch,10.083,-47.9,-24.8,-183.3,60.2,0.0224,0.02
odysseus,arm.L.pitch,10.167,-53.2,-63.8,-183.3,60.2,0.0241,0.055
odysseus,arm.L.pitch,10.25,-60.5,-87.3,-183.3,60.2,0.0259,0.08
odysseus,arm.L.pitch,10.333,-68.4,-95.1,-183.3,60.2,0.0275,0.093
odysseus,arm.L.pitch,10.417,-75.7,-87.3,-183.3,60.2,0.0286,0.089
odysseus,arm.L.pitch,10.5,-81,-63.8,-183.3,60.2,0.0294,0.067
odysseus,arm.L.pitch,10.583,-83.1,-24.8,-183.3,60.2,0.0297,0.027
odysseus,arm.L.pitch,10.667,-71.7,136.6,-183.3,60.2,0.03,0.145
odysseus,arm.L.pitch,10.75,-62.4,111.7,-183.3,60.2,0.0264,0.104
odysseus,arm.L.pitch,10.833,-55.1,86.9,-183.3,60.2,0.0245,0.075
odysseus,arm.L.pitch,10.917,-50,62.1,-183.3,60.2,0.0228,0.051
odysseus,arm.L.pitch,11,-46.9,37.2,-183.3,60.2,0.0218,0.029
odysseus,arm.L.pitch,11.083,-45.8,12.4,-183.3,60.2,0.0214,0.01
odysseus,arm.L.pitch,11.167,-47.9,-24.8,-183.3,60.2,0.0223,0.02
odysseus,arm.L.pitch,11.25,-53.2,-63.8,-183.3,60.2,0.0241,0.055
odysseus,arm.L.pitch,11.333,-60.5,-87.3,-183.3,60.2,0.0259,0.08
odysseus,arm.L.pitch,11.417,-68.4,-95.1,-183.3,60.2,0.0275,0.093
odysseus,arm.L.pitch,11.5,-75.7,-87.3,-183.3,60.2,0.0286,0.089
odysseus,arm.L.pitch,11.583,-81,-63.8,-183.3,60.2,0.0294,0.067
odysseus,arm.L.pitch,11.667,-83.1,-24.8,-183.3,60.2,0.0297,0.027
odysseus,arm.L.pitch,11.75,-69.7,160.9,-183.3,60.2,0.0299,0.17
odysseus,arm.L.pitch,11.833,-59.2,125.1,-183.3,60.2,0.0257,0.114
odysseus,arm.L.pitch,11.917,-51.8,89.4,-183.3,60.2,0.0236,0.075
odysseus,arm.L.pitch,12,-47.3,53.6,-183.3,60.2,0.0221,0.042
odysseus,arm.L.pitch,12.083,-45.8,17.9,-183.3,60.2,0.0216,0.014
odysseus,arm.L.pitch,12.167,-47.9,-24.8,-183.3,60.2,0.0224,0.02
odysseus,arm.L.pitch,12.25,-53.2,-63.8,-183.3,60.2,0.0241,0.055
odysseus,arm.L.pitch,12.333,-60.5,-87.3,-183.3,60.2,0.0259,0.08
odysseus,arm.L.pitch,12.417,-68.4,-95.1,-183.3,60.2,0.0275,0.093
odysseus,arm.L.pitch,12.5,-75.7,-87.3,-183.3,60.2,0.0286,0.089
odysseus,arm.L.pitch,12.583,-81,-63.8,-183.3,60.2,0.0294,0.067
odysseus,arm.L.pitch,12.667,-83.1,-24.8,-183.3,60.2,0.0297,0.027
odysseus,arm.L.pitch,12.75,-69.7,160.9,-183.3,60.2,0.0299,0.17
odysseus,arm.L.pitch,12.833,-59.2,125.1,-183.3,60.2,0.0257,0.114
odysseus,arm.L.pitch,12.917,-51.8,89.4,-183.3,60.2,0.0236,0.075
odysseus,arm.L.pitch,13,-47.3,53.6,-183.3,60.2,0.0221,0.042
odysseus,arm.L.pitch,13.083,-45.8,17.9,-183.3,60.2,0.0216,0.014
odysseus,arm.L.pitch,13.167,-47.9,-24.8,-183.3,60.2,0.0224,0.02
odysseus,arm.L.pitch,13.25,-53.2,-63.8,-183.3,60.2,0.0241,0.055
odysseus,arm.L.pitch,13.333,-60.5,-87.3,-183.3,60.2,0.0259,0.08
odysseus,arm.L.pitch,13.417,-68.4,-95.1,-183.3,60.2,0.0275,0.093
odysseus,arm.L.pitch,13.5,-75.7,-87.3,-183.3,60.2,0.0286,0.089
odysseus,arm.L.pitch,13.583,-81,-63.8,-183.3,60.2,0.0294,0.067
odysseus,arm.L.pitch,13.667,-83.1,-24.8,-183.3,60.2,0.0297,0.027
odysseus,arm.L.pitch,13.75,-71.7,136.6,-183.3,60.2,0.03,0.145
odysseus,arm.L.pitch,13.833,-62.4,111.7,-183.3,60.2,0.0264,0.104
odysseus,arm.L.pitch,13.917,-55.1,86.9,-183.3,60.2,0.0245,0.075
odysseus,arm.L.pitch,14,-50,62.1,-183.3,60.2,0.0228,0.051
odysseus,arm.L.pitch,14.083,-46.9,37.2,-183.3,60.2,0.0218,0.029
odysseus,arm.L.pitch,14.167,-45.8,12.4,-183.3,60.2,0.0214,0.01
odysseus,arm.L.pitch,14.25,-34,142.6,-183.3,60.2,0.0181,0.091
odysseus,arm.L.pitch,14.333,-11.9,264.8,-183.3,60.2,0.0076,0.07
odysseus,arm.L.pitch,14.417,0,142.6,-183.3,60.2,0.0015,0.008
odysseus,arm.L.pitch,14.5,0,0,-183.3,60.2,0.0018,0
odysseus,arm.L.pitch,24.417,0,0.5,-183.3,60.2,0,0
odysseus,arm.L.pitch,24.5,2.1,24.8,-183.3,60.2,0.0014,0.001
odysseus,arm.L.pitch,24.583,7.9,70,-183.3,60.2,0.0046,0.011
odysseus,arm.L.pitch,24.667,13.2,63.6,-183.3,60.2,0.0068,0.015
odysseus,arm.L.pitch,24.75,10.9,-28.3,-183.3,60.2,0.0067,0.007
odysseus,arm.L.pitch,24.833,-1.7,-150.9,-183.3,60.2,0.0024,0.013
odysseus,arm.L.pitch,24.917,-17.5,-189.9,-183.3,60.2,0.0093,0.062
odysseus,arm.L.pitch,25,-26.8,-111.9,-183.3,60.2,0.0143,0.056
odysseus,arm.L.pitch,25.083,-25.3,18.4,-183.3,60.2,0.0142,0.01
odysseus,arm.L.pitch,25.167,-13.2,145.7,-183.3,60.2,0.0083,0.042
odysseus,arm.L.pitch,25.25,4.1,207.7,-183.3,60.2,0.0029,0.021
odysseus,arm.L.pitch,25.333,18,166.7,-183.3,60.2,0.0096,0.056
odysseus,arm.L.pitch,25.417,20.9,34.9,-183.3,60.2,0.0122,0.015
odysseus,arm.L.pitch,25.5,10.5,-124.8,-183.3,60.2,0.0074,0.032
odysseus,arm.L.pitch,25.583,-8.4,-227.6,-183.3,60.2,0.0056,0.045
odysseus,arm.L.pitch,25.667,-26.2,-212.8,-183.3,60.2,0.0132,0.098
odysseus,arm.L.pitch,25.75,-33,-82.4,-183.3,60.2,0.0177,0.051
odysseus,arm.L.pitch,25.833,-25.2,93.8,-183.3,60.2,0.0147,0.049
odysseus,arm.L.pitch,25.917,-7.4,214.1,-183.3,60.2,0.0053,0.04
odysseus,arm.L.pitch,26,9.7,204.4,-183.3,60.2,0.0051,0.036
odysseus,arm.L.pitch,26.083,15.2,66.2,-183.3,60.2,0.0094,0.022
odysseus,arm.L.pitch,26.167,5.2,-120.1,-183.3,60.2,0.005,0.021
odysseus,arm.L.pitch,26.25,-14.9,-241.5,-183.3,60.2,0.0091,0.077
odysseus,arm.L.pitch,26.333,-33.4,-222,-183.3,60.2,0.0165,0.128
odysseus,arm.L.pitch,26.417,-39.5,-72.1,-183.3,60.2,0.0206,0.053
odysseus,arm.L.pitch,26.5,-29.8,116.3,-183.3,60.2,0.017,0.07
odysseus,arm.L.pitch,26.583,-10.9,226.7,-183.3,60.2,0.0069,0.055
odysseus,arm.L.pitch,26.667,5,191,-183.3,60.2,0.003,0.02
odysseus,arm.L.pitch,26.75,7.8,32.5,-183.3,60.2,0.006,0.007
odysseus,arm.L.pitch,26.833,-4.8,-150.6,-183.3,60.2,0.0048,0.025
odysseus,arm.L.pitch,26.917,-25.4,-246.9,-183.3,60.2,0.0138,0.119
odysseus,arm.L.pitch,27,-42.1,-200.5,-183.3,60.2,0.0203,0.143
odysseus,arm.L.pitch,27.083,-45.6,-42.8,-183.3,60.2,0.023,0.035
odysseus,arm.L.pitch,27.167,-34.7,130.9,-183.3,60.2,0.019,0.087
odysseus,arm.L.pitch,27.25,-16.3,220.7,-183.3,60.2,0.0094,0.073
odysseus,arm.L.pitch,27.333,-1.3,180,-183.3,60.2,0.0012,0.008
odysseus,arm.L.pitch,27.417,1.8,37.6,-183.3,60.2,0.0027,0.004
odysseus,arm.L.pitch,27.5,-8.6,-124.3,-183.3,60.2,0.0064,0.028
odysseus,arm.L.pitch,27.583,-26.9,-219.8,-183.3,60.2,0.0145,0.112
odysseus,arm.L.pitch,27.667,-43.9,-204.5,-183.3,60.2,0.0206,0.148
odysseus,arm.L.pitch,27.75,-51.8,-93.9,-183.3,60.2,0.0245,0.082
odysseus,arm.L.pitch,27.833,-47.4,52.2,-183.3,60.2,0.0235,0.044
odysseus,arm.L.pitch,27.917,-33.7,164.2,-183.3,60.2,0.0177,0.102
odysseus,arm.L.pitch,28,-17.4,196.3,-183.3,60.2,0.0092,0.063
odysseus,arm.L.pitch,28.083,-11.2,74.2,-183.3,60.2,0.0072,0.019
odysseus,arm.L.pitch,28.167,-25.8,-175,-183.3,60.2,0.0159,0.098
odysseus,arm.L.pitch,28.25,-56.8,-372.9,-183.3,60.2,0.0271,0.355
odysseus,arm.L.pitch,28.333,-95.7,-466.1,-183.3,60.2,0.0305,0.497
odysseus,arm.L.pitch,28.417,-137.5,-501.8,-183.3,60.2,0.0203,0.357
odysseus,arm.L.pitch,28.5,-86.3,614.3,-183.3,60.2,0.0434,0.934
odysseus,arm.L.pitch,28.583,-55.9,364.6,-183.3,60.2,0.0275,0.352
odysseus,arm.L.pitch,28.667,-45.8,121.2,-183.3,60.2,0.0242,0.103
odysseus,arm.L.pitch,28.75,-47.5,-20.4,-183.3,60.2,0.0235,0.018
odysseus,arm.L.pitch,28.833,-51.8,-50.9,-183.3,60.2,0.0235,0.043
odysseus,arm.L.pitch,28.917,-57.3,-66.2,-183.3,60.2,0.025,0.059
odysseus,arm.L.pitch,29,-62.8,-66.2,-183.3,60.2,0.0262,0.062
odysseus,arm.L.pitch,29.083,-67.1,-50.9,-183.3,60.2,0.0273,0.05
odysseus,arm.L.pitch,29.167,-68.8,-20.4,-183.3,60.2,0.0278,0.021
odysseus,arm.L.pitch,29.25,-58.4,124.8,-183.3,60.2,0.0269,0.119
odysseus,arm.L.pitch,29.333,-39,231.7,-183.3,60.2,0.0199,0.162
odysseus,arm.L.pitch,29.417,-28.6,124.8,-183.3,60.2,0.0155,0.068
odysseus,arm.L.pitch,29.5,-28.6,0,-183.3,60.2,0.0157,0
odysseus,arm.L.pitch,34.833,-28.6,0,-183.3,60.2,0.0141,0
odysseus,arm.L.out,0,0,0,-11.5,31.5,0,0
odysseus,arm.L.out,34.833,0,0,-11.5,31.5,0,0
odysseus,hand.R.roll,0,0,0,-74.5,74.5,0,0
odysseus,hand.R.roll,29.083,-0.6,-7.6,-74.5,74.5,0,0
odysseus,hand.R.roll,29.167,-2.3,-19.6,-74.5,74.5,0,0
odysseus,hand.R.roll,29.25,-4.5,-26.9,-74.5,74.5,0,0
odysseus,hand.R.roll,29.333,-6.9,-29.3,-74.5,74.5,0,0
odysseus,hand.R.roll,29.417,-9.2,-26.9,-74.5,74.5,0,0
odysseus,hand.R.roll,29.5,-10.8,-19.6,-74.5,74.5,0,0
odysseus,hand.R.roll,29.583,-11.5,-7.6,-74.5,74.5,0,0
odysseus,hand.R.roll,29.667,-11.3,2.3,-74.5,74.5,0,0
odysseus,hand.R.roll,29.75,-10.7,6.4,-74.5,74.5,0,0
odysseus,hand.R.roll,29.833,-9.9,9.8,-74.5,74.5,0,0
odysseus,hand.R.roll,29.917,-8.9,12.5,-74.5,74.5,0,0
odysseus,hand.R.roll,30,-7.7,14.3,-74.5,74.5,0,0
odysseus,hand.R.roll,30.083,-6.4,15.5,-74.5,74.5,0,0
odysseus,hand.R.roll,30.167,-5.1,15.8,-74.5,74.5,0,0
odysseus,hand.R.roll,30.25,-3.8,15.5,-74.5,74.5,0,0
odysseus,hand.R.roll,30.333,-2.6,14.3,-74.5,74.5,0,0
odysseus,hand.R.roll,30.417,-1.5,12.5,-74.5,74.5,0,0
odysseus,hand.R.roll,30.5,-0.7,9.8,-74.5,74.5,0,0
odysseus,hand.R.roll,30.583,-0.2,6.4,-74.5,74.5,0,0
odysseus,hand.R.roll,30.667,0,2.3,-74.5,74.5,0,0
odysseus,hand.R.roll,30.75,0,0,-74.5,74.5,0,0
odysseus,hand.R.roll,34.833,0,0,-74.5,74.5,0,0
odysseus,hand.L.roll,0,0,0,-74.5,74.5,0,0
odysseus,hand.L.roll,34.833,0,0,-74.5,74.5,0,0
odysseus,leg.R.pitch,0,0,0,-91.7,54.4,0,0
odysseus,leg.R.pitch,24.417,0.1,0.8,-91.7,54.4,0.0001,0
odysseus,leg.R.pitch,24.5,3,35.2,-91.7,54.4,0.0048,0.006
odysseus,leg.R.pitch,24.583,11.2,98.5,-91.7,54.4,0.0155,0.054
odysseus,leg.R.pitch,24.667,18.8,90.8,-91.7,54.4,0.0224,0.072
odysseus,leg.R.pitch,24.75,15.9,-34.9,-91.7,54.4,0.0231,0.029
odysseus,leg.R.pitch,24.833,-1,-202.8,-91.7,54.4,0.007,0.05
odysseus,leg.R.pitch,24.917,-22.3,-255.7,-91.7,54.4,0.0279,0.251
odysseus,leg.R.pitch,25,-34.6,-147.4,-91.7,54.4,0.0427,0.223
odysseus,leg.R.pitch,25.083,-31.9,32.9,-91.7,54.4,0.0424,0.052
odysseus,leg.R.pitch,25.167,-14.5,209.2,-91.7,54.4,0.0232,0.17
odysseus,leg.R.pitch,25.25,10.2,295.3,-91.7,54.4,0.015,0.156
odysseus,leg.R.pitch,25.333,30.1,239.5,-91.7,54.4,0.0364,0.307
odysseus,leg.R.pitch,25.417,35,58.6,-91.7,54.4,0.0456,0.097
odysseus,leg.R.pitch,25.5,21.6,-160.9,-91.7,54.4,0.0328,0.186
odysseus,leg.R.pitch,25.583,-3.6,-302,-91.7,54.4,0.0091,0.096
odysseus,leg.R.pitch,25.667,-27,-281.2,-91.7,54.4,0.0319,0.315
odysseus,leg.R.pitch,25.75,-35.4,-101.1,-91.7,54.4,0.046,0.167
odysseus,leg.R.pitch,25.833,-23.6,142.1,-91.7,54.4,0.0358,0.18
odysseus,leg.R.pitch,25.917,2.1,308.2,-91.7,54.4,0.0082,0.088
odysseus,leg.R.pitch,26,26.7,295.2,-91.7,54.4,0.0313,0.324
odysseus,leg.R.pitch,26.083,35.4,105,-91.7,54.4,0.0463,0.174
odysseus,leg.R.pitch,26.167,22.8,-151.6,-91.7,54.4,0.0354,0.19
odysseus,leg.R.pitch,26.25,-3.8,-318.6,-91.7,54.4,0.0102,0.114
odysseus,leg.R.pitch,26.333,-28.1,-291.7,-91.7,54.4,0.0332,0.34
odysseus,leg.R.pitch,26.417,-35.1,-85,-91.7,54.4,0.0466,0.143
odysseus,leg.R.pitch,26.5,-20.6,174.6,-91.7,54.4,0.033,0.204
odysseus,leg.R.pitch,26.583,6.6,326.6,-91.7,54.4,0.0131,0.15
odysseus,leg.R.pitch,26.667,29.7,277.4,-91.7,54.4,0.0357,0.349
odysseus,leg.R.pitch,26.75,34.6,58.8,-91.7,54.4,0.0465,0.1
odysseus,leg.R.pitch,26.833,18.5,-193.5,-91.7,54.4,0.0304,0.207
odysseus,leg.R.pitch,26.917,-8.7,-326.4,-91.7,54.4,0.0149,0.17
odysseus,leg.R.pitch,27,-30.6,-262.8,-91.7,54.4,0.0371,0.343
odysseus,leg.R.pitch,27.083,-34.4,-45.8,-91.7,54.4,0.0462,0.078
odysseus,leg.R.pitch,27.167,-18.3,193.2,-91.7,54.4,0.0298,0.202
odysseus,leg.R.pitch,27.25,8.1,316.5,-91.7,54.4,0.0138,0.153
odysseus,leg.R.pitch,27.333,29.7,259.9,-91.7,54.4,0.036,0.329
odysseus,leg.R.pitch,27.417,35,63.3,-91.7,54.4,0.0461,0.106
odysseus,leg.R.pitch,27.5,21.6,-160.3,-91.7,54.4,0.033,0.187
odysseus,leg.R.pitch,27.583,-2.7,-292.4,-91.7,54.4,0.0078,0.08
odysseus,leg.R.pitch,27.667,-25.4,-272.1,-91.7,54.4,0.0302,0.288
odysseus,leg.R.pitch,27.75,-35.4,-120.4,-91.7,54.4,0.045,0.193
odysseus,leg.R.pitch,27.833,-28.8,80.2,-91.7,54.4,0.0399,0.115
odysseus,leg.R.pitch,27.917,-9.3,233.8,-91.7,54.4,0.0163,0.134
odysseus,leg.R.pitch,28,13.8,277.2,-91.7,54.4,0.0179,0.174
odysseus,leg.R.pitch,28.083,28.8,179.6,-91.7,54.4,0.0364,0.231
odysseus,leg.R.pitch,28.167,27,-21.8,-91.7,54.4,0.038,0.032
odysseus,leg.R.pitch,28.25,14.3,-152.4,-91.7,54.4,0.0214,0.115
odysseus,leg.R.pitch,28.333,2.7,-138.9,-91.7,54.4,0.0037,0.018
odysseus,leg.R.pitch,28.417,-1.2,-46.1,-91.7,54.4,0.0046,0.007
odysseus,leg.R.pitch,28.5,-0.1,12.4,-91.7,54.4,0.0021,0.001
odysseus,leg.R.pitch,28.583,0,1.4,-91.7,54.4,0.0004,0
odysseus,leg.R.pitch,28.667,0,0,-91.7,54.4,0,0
odysseus,leg.R.pitch,34.833,0,0,-91.7,54.4,0,0
odysseus,leg.L.pitch,0,0,0,-91.7,54.4,0,0
odysseus,leg.L.pitch,24.417,-0.1,-0.8,-91.7,54.4,0.0001,0
odysseus,leg.L.pitch,24.5,-3,-35.2,-91.7,54.4,0.0048,0.006
odysseus,leg.L.pitch,24.583,-11.2,-98.5,-91.7,54.4,0.0155,0.054
odysseus,leg.L.pitch,24.667,-18.8,-90.8,-91.7,54.4,0.0224,0.072
odysseus,leg.L.pitch,24.75,-15.9,34.9,-91.7,54.4,0.0231,0.029
odysseus,leg.L.pitch,24.833,1,202.8,-91.7,54.4,0.007,0.05
odysseus,leg.L.pitch,24.917,22.3,255.7,-91.7,54.4,0.0279,0.251
odysseus,leg.L.pitch,25,34.6,147.4,-91.7,54.4,0.0427,0.223
odysseus,leg.L.pitch,25.083,31.9,-32.9,-91.7,54.4,0.0424,0.052
odysseus,leg.L.pitch,25.167,14.5,-209.2,-91.7,54.4,0.0232,0.17
odysseus,leg.L.pitch,25.25,-10.2,-295.3,-91.7,54.4,0.015,0.156
odysseus,leg.L.pitch,25.333,-30.1,-239.5,-91.7,54.4,0.0364,0.307
odysseus,leg.L.pitch,25.417,-35,-58.6,-91.7,54.4,0.0456,0.097
odysseus,leg.L.pitch,25.5,-21.6,160.9,-91.7,54.4,0.0328,0.186
odysseus,leg.L.pitch,25.583,3.6,302,-91.7,54.4,0.0091,0.096
odysseus,leg.L.pitch,25.667,27,281.2,-91.7,54.4,0.0319,0.315
odysseus,leg.L.pitch,25.75,35.4,101.1,-91.7,54.4,0.046,0.167
odysseus,leg.L.pitch,25.833,23.6,-142.1,-91.7,54.4,0.0358,0.18
odysseus,leg.L.pitch,25.917,-2.1,-308.2,-91.7,54.4,0.0082,0.088
odysseus,leg.L.pitch,26,-26.7,-295.2,-91.7,54.4,0.0313,0.324
odysseus,leg.L.pitch,26.083,-35.4,-105,-91.7,54.4,0.0463,0.174
odysseus,leg.L.pitch,26.167,-22.8,151.6,-91.7,54.4,0.0354,0.19
odysseus,leg.L.pitch,26.25,3.8,318.6,-91.7,54.4,0.0102,0.114
odysseus,leg.L.pitch,26.333,28.1,291.7,-91.7,54.4,0.0332,0.34
odysseus,leg.L.pitch,26.417,35.1,85,-91.7,54.4,0.0466,0.143
odysseus,leg.L.pitch,26.5,20.6,-174.6,-91.7,54.4,0.033,0.204
odysseus,leg.L.pitch,26.583,-6.6,-326.6,-91.7,54.4,0.0131,0.15
odysseus,leg.L.pitch,26.667,-29.7,-277.4,-91.7,54.4,0.0357,0.349
odysseus,leg.L.pitch,26.75,-34.6,-58.8,-91.7,54.4,0.0465,0.1
odysseus,leg.L.pitch,26.833,-18.5,193.5,-91.7,54.4,0.0304,0.207
odysseus,leg.L.pitch,26.917,8.7,326.4,-91.7,54.4,0.0149,0.17
odysseus,leg.L.pitch,27,30.6,262.8,-91.7,54.4,0.0371,0.343
odysseus,leg.L.pitch,27.083,34.4,45.8,-91.7,54.4,0.0462,0.078
odysseus,leg.L.pitch,27.167,18.3,-193.2,-91.7,54.4,0.0298,0.202
odysseus,leg.L.pitch,27.25,-8.1,-316.5,-91.7,54.4,0.0138,0.153
odysseus,leg.L.pitch,27.333,-29.7,-259.9,-91.7,54.4,0.036,0.329
odysseus,leg.L.pitch,27.417,-35,-63.3,-91.7,54.4,0.0461,0.106
odysseus,leg.L.pitch,27.5,-21.6,160.3,-91.7,54.4,0.033,0.187
odysseus,leg.L.pitch,27.583,2.7,292.4,-91.7,54.4,0.0078,0.08
odysseus,leg.L.pitch,27.667,25.4,272.1,-91.7,54.4,0.0302,0.288
odysseus,leg.L.pitch,27.75,35.4,120.4,-91.7,54.4,0.045,0.193
odysseus,leg.L.pitch,27.833,28.8,-80.2,-91.7,54.4,0.0399,0.115
odysseus,leg.L.pitch,27.917,9.3,-233.8,-91.7,54.4,0.0163,0.134
odysseus,leg.L.pitch,28,-13.8,-277.2,-91.7,54.4,0.0179,0.174
odysseus,leg.L.pitch,28.083,-28.8,-179.6,-91.7,54.4,0.0364,0.231
odysseus,leg.L.pitch,28.167,-27,21.8,-91.7,54.4,0.038,0.032
odysseus,leg.L.pitch,28.25,-14.3,152.4,-91.7,54.4,0.0214,0.115
odysseus,leg.L.pitch,28.333,-2.7,138.9,-91.7,54.4,0.0037,0.018
odysseus,leg.L.pitch,28.417,1.2,46.1,-91.7,54.4,0.0046,0.007
odysseus,leg.L.pitch,28.5,0.1,-12.4,-91.7,54.4,0.0021,0.001
odysseus,leg.L.pitch,28.583,0,-1.4,-91.7,54.4,0.0004,0
odysseus,leg.L.pitch,28.667,0,0,-91.7,54.4,0,0
odysseus,leg.L.pitch,34.833,0,0,-91.7,54.4,0,0
