id,name,filename,kind,status,omr_status,source_type,size_bytes,git_blob_sha,download_url,source_page,kits,targets,notes
6285,Black Seas Barracuda,6285 - Black Seas Barracuda.mpd,mpd,GREEN,OMR / model header verified,github_ldraw_mirror,918791,f1dd515a1f7fb07efaf175da0ccbef8223737224,https://raw.githubusercontent.com/gkjohnson/ldraw-parts-library/master/models/6285%20-%20Black%20Seas%20Barracuda.mpd,,K13_SHIP;K08_PORT;K04_TIMBER,BLACK ITHACAN SHIP;PYLOS HARBOR;SCHERIA CITY AND HARBOR;WOODEN HORSE INTERIOR,Full ship donor. Verified LDraw model header and CCAL license.
6286,Skull's Eye Schooner,6286 - Skulls Eye Schooner.mpd,mpd,GREEN,real MPD; forum reports OMR compliant / no known errors,github_ldraw_mirror,1071135,fb1e10f476677d8a6f64b01ae19bbadc50c87255,https://raw.githubusercontent.com/gkjohnson/ldraw-parts-library/master/models/6286%20-%20Skulls%20Eye%20Schooner.mpd,,K13_SHIP;K08_PORT;K04_TIMBER,BLACK ITHACAN SHIP;SCHERIA CITY AND HARBOR;PYLOS HARBOR,Second large ship grammar; useful for hull/mast/rail variants.
6279,Skull Island,6279-1 - Skull Island.mpd,mpd,GREEN,LDraw Model; header verified,github_ldraw_mirror,268897,e437aa86fe90ae7dc3d3dbfc11a07e7844570e4e,https://raw.githubusercontent.com/gkjohnson/ldraw-parts-library/master/models/6279-1%20-%20Skull%20Island.mpd,,K02_ROCK;K08_PORT;K12_FORTIFICATION;K07_VEGETATION,AEOLIA FLOATING ISLAND;OGYGIA CAVERN AND GROVE;TELEPYLUS HARBOR,Island mass + shore + built-edge donor.
6278,Enchanted Island,6278 6292 - Enchanted Island.mpd,mpd,GREEN,real MPD,github_ldraw_mirror,31790,5d3353f35378969ddced790d4e1f6cf265cfb786,https://raw.githubusercontent.com/gkjohnson/ldraw-parts-library/master/models/6278%206292%20-%20Enchanted%20Island.mpd,,K02_ROCK;K07_VEGETATION;K03_WATER,OGYGIA CAVERN AND GROVE;AEOLIA FLOATING ISLAND;GOAT ISLAND HARBOR,Compact island/vegetation donor.
6264,Forbidden Cove,6264 - Forbidden Cove.mpd,mpd,GREEN,real MPD,github_ldraw_mirror,13980,83db63cad7a10d1f6fb6539921452df76db32537,https://raw.githubusercontent.com/gkjohnson/ldraw-parts-library/master/models/6264%20-%20Forbidden%20Cove.mpd,,K02_ROCK;K03_WATER;K08_PORT;K07_VEGETATION,PHORCYS HARBOR;GOAT ISLAND HARBOR;OGYGIA SHORE,Cove topology + vegetation.
6256,Island Catamaran,6256 - Island Catamaran.mpd,mpd,GREEN,real MPD,github_ldraw_mirror,5823,2034bb27f50c820de4bd614b10cd270df2bc1c65,https://raw.githubusercontent.com/gkjohnson/ldraw-parts-library/master/models/6256%20-%20Island%20Catamaran.mpd,,K13_SHIP;K03_WATER,RAFT / SMALL WATERCRAFT;SECRET ITHACAN LANDING,Small-watercraft donor.
6245,Harbor Sentry,6245 - Harbor Sentry.mpd,mpd,GREEN,real MPD,github_ldraw_mirror,306028,721a1afeb8eff4e3d2556cfa1f79754eba3b6683,https://raw.githubusercontent.com/gkjohnson/ldraw-parts-library/master/models/6245%20-%20Harbor%20Sentry.mpd,,K08_PORT;K12_FORTIFICATION;K05_STONE_ARCH,TELEPYLUS HARBOR;SCHERIA CITY AND HARBOR;PYLOS HARBOR,Small fortified harbor grammar.
6235,Buried Treasure,6235 - Buried Treasure.mpd,mpd,GREEN,real MPD,github_ldraw_mirror,2448,7c5ab59c52c63289de77dbba7e77b90859f0b4c6,https://raw.githubusercontent.com/gkjohnson/ldraw-parts-library/master/models/6235%20-%20Buried%20Treasure.mpd,,K09_INTERIOR;K02_ROCK,NYMPH CAVE;PALACE STOREROOM,Tiny prop/ground composition donor.
1788,Treasure Chest,1788 - Treasure Chest.mpd,mpd,GREEN,real MPD,github_ldraw_mirror,14667,294dbc8d0cdf0cd4b3cc32499a23b6711798cf8f,https://raw.githubusercontent.com/gkjohnson/ldraw-parts-library/master/models/1788%20-%20Treasure%20Chest.mpd,,K09_INTERIOR,NYMPH CAVE;PALACE STOREROOM,Storage/treasure subassembly donor.
21318,Tree House,21318 - Tree House.mpd,mpd,GREEN,real MPD; header verified,github_ldraw_mirror,550185,cb3216cb814ef751d867910c61d2a54948fa7bb2,https://raw.githubusercontent.com/gkjohnson/ldraw-parts-library/master/models/21318%20-%20Tree%20House.mpd,,K07_VEGETATION;K04_TIMBER;K01_GROUND,OGYGIA CAVERN AND GROVE;OGYGIA TIMBER GROVE;LAERTES'S ORCHARD;PHAEACIAN ORCHARD AND GARDEN;AEAEA COAST AND FOREST,Major tree/branch/canopy/root/timber donor.
21325,Medieval Blacksmith,21325 - Medieval Blacksmith.mpd,mpd,GREEN,LDraw Model; header verified,github_ldraw_mirror,190635,e594a5ea1ace1d13f2d61ff7f2f39861c77de01f,https://raw.githubusercontent.com/gkjohnson/ldraw-parts-library/master/models/21325%20-%20Medieval%20Blacksmith.mpd,,K09_INTERIOR;K04_TIMBER;K05_STONE_ARCH;K17_LIFE,EUMAEUS HUT INTERIOR;CIRCE'S FOREST PALACE;MENELAUS'S PALACE;MARRIAGE CHAMBER;HAND MILLS AND GRAIN ROOM,Domestic/workshop/furniture/well/timber/stone donor.
6071,Forestmen's Crossing,6071 - Forestmens Crossing.mpd,mpd,GREEN,LDraw Model; header verified,github_ldraw_mirror,14708,c1ef9b85dbd9bf009853eb9fa39b39117ee4d5c,https://raw.githubusercontent.com/gkjohnson/ldraw-parts-library/master/models/6071%20-%20Forestmens%20Crossing.mpd,,K07_VEGETATION;K04_TIMBER;K15_ROAD;K03_WATER,FOREST MEETING PATH;AEAEA COAST AND FOREST;ROAD FROM RIVER TO SCHERIA,Forest crossing/bridge/path donor.
6066,Camouflaged Outpost,6066 - Camouflaged Outpost.mpd,mpd,GREEN,LDraw Model; header verified,github_ldraw_mirror,16196,145c94d0fab8167cd8cb2375ecaf7b9a48eae0ac,https://raw.githubusercontent.com/gkjohnson/ldraw-parts-library/master/models/6066%20-%20Camouflaged%20Outpost.mpd,,K07_VEGETATION;K12_FORTIFICATION;K04_TIMBER,AEAEA COAST AND FOREST;FOREST MEETING PATH;SECRET ITHACAN LANDING,Hidden structure inside vegetation.
7410,Jungle River,7410-1 - Jungle River.mpd,mpd,GREEN,LDraw Model; header verified,github_ldraw_mirror,501341,f13f2168fac11c6c1792a8e42469bc09ef13b12f,https://raw.githubusercontent.com/gkjohnson/ldraw-parts-library/master/models/7410-1%20-%20Jungle%20River.mpd,,K03_WATER;K07_VEGETATION;K13_SHIP,RIVER WASHING POOLS;SCHERIAN COAST AND RIVER MOUTH;OGYGIA CAVERN AND GROVE,River/boat/vegetation grammar.
6080,King's Castle,6080 - Kings Castle.mpd,mpd,GREEN,LDraw Model; header verified,github_ldraw_mirror,64307,1efbc0b273c29a7da13d9e9e6cb561b0c1724d5c,https://raw.githubusercontent.com/gkjohnson/ldraw-parts-library/master/models/6080%20-%20Kings%20Castle.mpd,,K12_FORTIFICATION;K05_STONE_ARCH;K06_COLUMN,ODYSSEUS'S PALACE THRESHOLD AND HALL;FIGHT THRESHOLD;TROY INTERIOR MEMORY SET;NESTOR'S PALACE AND COURTYARD,Gate/wall/tower/court donor.
9476,The Orc Forge,9476-1 - The Orc Forge.mpd,mpd,GREEN,LDraw Model; header verified,github_ldraw_mirror,47584,ebbeb292a09a6fb60cd6eb0084a18c359e210ecc,https://raw.githubusercontent.com/gkjohnson/ldraw-parts-library/master/models/9476-1%20-%20The%20Orc%20Forge.mpd,,K04_TIMBER;K09_INTERIOR;K02_ROCK;K16_ATMOS,POLYPHEMUS'S CAVE;HAND MILLS AND GRAIN ROOM;CIRCE'S FOREST PALACE,Rough forge/workshop/rock/timber donor.
10228,Haunted House,10228 - HAUNTED HOUSE.mpd,mpd,GREEN,real MPD,github_ldraw_mirror,106048,5e3ec1f153bb6dd5cbda6741a4b5ee9c87782831,https://raw.githubusercontent.com/gkjohnson/ldraw-parts-library/master/models/10228%20-%20HAUNTED%20HOUSE.mpd,,K09_INTERIOR;K05_STONE_ARCH;K04_TIMBER,CIMMERIAN SHORE AND UNDERWORLD PIT;CIRCE'S FOREST PALACE;PALACE DUNG HEAP AND GATE,"Decay/interior/threshold donor. Use chunks, not whole aesthetic."
10214,Tower Bridge,10214-1 - Tower Bridge.mpd,mpd,GREEN,LDraw Model; header verified,github_ldraw_mirror,97683,d5c6e80863d4af256f2fc5eaf2e5ef07473e85bc,https://raw.githubusercontent.com/gkjohnson/ldraw-parts-library/master/models/10214-1%20-%20Tower%20Bridge.mpd,,K05_STONE_ARCH;K06_COLUMN;K08_PORT,SCHERIA CITY AND HARBOR;AEOLIA FLOATING ISLAND,Arch/tower/bridge/repetition donor.
21022,Lincoln Memorial,21022-1 - Lincoln Memorial.mpd,mpd,GREEN,real MPD,github_ldraw_mirror,13192,12567ced6f563b7e0dfdf120e68db6745f844d03,https://raw.githubusercontent.com/gkjohnson/ldraw-parts-library/master/models/21022-1%20-%20Lincoln%20Memorial.mpd,,K06_COLUMN;K05_STONE_ARCH,NESTOR'S PALACE AND COURTYARD;ALCINOUS'S PALACE;OLYMPIAN COUNCIL HALL,Compact colonnade/monument donor.
21041,Great Wall of China,21041-1 - Great Wall of China.mpd,mpd,GREEN,real MPD,github_ldraw_mirror,29254,6253239938103b164d96d22384af41d3fee52b0e,https://raw.githubusercontent.com/gkjohnson/ldraw-parts-library/master/models/21041-1%20-%20Great%20Wall%20of%20China.mpd,,K12_FORTIFICATION;K15_ROAD;K01_GROUND,TROY INTERIOR MEMORY SET;FARM-TO-PALACE ROUTE;ROAD TO HADES,Wall-on-terrain and procession/path donor.
7327,Scorpion Pyramid,7327-1 - Scorpion Pyramid.mpd,mpd,GREEN,LDraw Model; header verified,github_ldraw_mirror,63119,6946b69058e218c0d95b256543679348e842a71a,https://raw.githubusercontent.com/gkjohnson/ldraw-parts-library/master/models/7327-1%20-%20Scorpion%20Pyramid.mpd,,K02_ROCK;K05_STONE_ARCH;K11_RITUAL,PUNISHMENT LANDSCAPE;CIMMERIAN SHORE AND UNDERWORLD PIT;TROY INTERIOR MEMORY SET,"Stone mass, chamber, ritual, desert geometry donor."
7326,Rise of the Sphinx,7326-1 - Rise of the Sphinx.mpd,mpd,YELLOW,Unofficial_Model header verified,github_ldraw_mirror,38156,a82a52d2ad8aef32728c420f85fd96ae74fb9375,https://raw.githubusercontent.com/gkjohnson/ldraw-parts-library/master/models/7326-1%20-%20Rise%20of%20the%20Sphinx.mpd,,K02_ROCK;K05_STONE_ARCH;K11_RITUAL,PUNISHMENT LANDSCAPE;TROY INTERIOR MEMORY SET,"Real LDraw geometry, but header marks it Unofficial_Model."
6716,Covered Wagon,6716-1 - Covered Wagon.mpd,mpd,GREEN,LDraw Model; header verified,github_ldraw_mirror,5259,18f152485a0a77a986a0d5d9fba57bdae5414621,https://raw.githubusercontent.com/gkjohnson/ldraw-parts-library/master/models/6716-1%20-%20Covered%20Wagon.mpd,,K15_ROAD;K04_TIMBER,PYLOS-TO-SPARTA ROAD;ROAD TO LAERTES'S FARM,Wheel/axle/wagon body donor.
6799,Showdown Canyon Carriage,6799-1 - Showdown Canyon - Carriage.mpd,mpd,GREEN,LDraw Model; header verified,github_ldraw_mirror,12836,f42cf23b88355098f41ede6693fab3578aa50a4c,https://raw.githubusercontent.com/gkjohnson/ldraw-parts-library/master/models/6799-1%20-%20Showdown%20Canyon%20-%20Carriage.mpd,,K15_ROAD;K04_TIMBER,PYLOS-TO-SPARTA ROAD;MATCHED HORSE TEAM,Carriage/harness/wheel grammar donor.
6257,Castaway's Raft,6257 - Castaway's Raft.mpd,mpd,GREEN,OMR compliant; missing items: none,ldraw_forum_attachment,6441,,https://forums.ldraw.org/attachment.php?aid=7607,https://forums.ldraw.org/thread-11982.html,K13_SHIP;K03_WATER,OGYGIA SHORE;PYLOS HARBOR;RAFT / WRECK,Small raft.
6260,Shipwreck Island,6260 - Shipwreck Island.mpd,mpd,GREEN,OMR compliant; missing items: none,ldraw_forum_attachment,8827,,https://forums.ldraw.org/attachment.php?aid=7613,https://forums.ldraw.org/thread-11982.html,K02_ROCK;K03_WATER;K13_SHIP,OGYGIA SHORE;SCHERIAN COAST AND RIVER MOUTH;SIRENS' ISLAND,Small shore/wreck/island donor.
6265,Sabre Island,6265 - Sabre Island.mpd,mpd,GREEN,OMR compliant; missing items: none,ldraw_forum_attachment,10455,,https://forums.ldraw.org/attachment.php?aid=7617,https://forums.ldraw.org/thread-11982.html,K08_PORT;K12_FORTIFICATION;K02_ROCK,AEOLIA FLOATING ISLAND;SCHERIA CITY AND HARBOR,Small island architecture.
6270,Forbidden Island,6270 - Forbidden Island.mpd,mpd,YELLOW,not OMR compliant at posting; unofficial part not inlined; missing items none,ldraw_forum_attachment,16077,,https://forums.ldraw.org/attachment.php?aid=7621,https://forums.ldraw.org/thread-11982.html,K02_ROCK;K07_VEGETATION;K03_WATER,OGYGIA CAVERN AND GROVE;AEAEA COAST AND FOREST,Real MPD; requires normalization.
6276,Eldorado Fortress,6276 - Eldorado Fortress.mpd,mpd,GREEN,OMR compliant after parts update; flexible rope missing,ldraw_forum_attachment,41574,,https://forums.ldraw.org/attachment.php?aid=7641,https://forums.ldraw.org/thread-11982.html,K12_FORTIFICATION;K08_PORT;K05_STONE_ARCH,AEOLIA FLOATING ISLAND;SCHERIA CITY AND HARBOR;TELEPYLUS HARBOR;ITHACAN ASSEMBLY GROUND,Fortress/dock/stair/wall donor.
6273,Rock Island Refuge,6273 - Rock Island Refuge.mpd,mpd,GREEN,OMR compliant after 2022-04 parts update; flexible rope noted; sail later added,ldraw_forum_attachment,30771,,https://forums.ldraw.org/attachment.php?aid=8029,https://forums.ldraw.org/thread-11982.html,K02_ROCK;K14_CAVE;K08_PORT,POLYPHEMUS'S CAVE;OGYGIA CAVERN AND GROVE;TELEPYLUS HARBOR;NARROW MONSTER STRAIT;CIMMERIAN SHORE AND UNDERWORLD PIT,Critical rock-mass / aperture donor.
6247,Bounty Boat,6247 - Bounty Boat.mpd,mpd,GREEN,OMR compliant; missing items none,ldraw_forum_attachment,5079,,https://forums.ldraw.org/attachment.php?aid=8303,https://forums.ldraw.org/thread-11982.html,K13_SHIP,SECRET ITHACAN LANDING;PYLOS HARBOR,Small boat donor.
6258,Smuggler's Shanty,6258 - Smuggler's Shanty.mpd,mpd,GREEN,OMR compliant; missing items none,ldraw_forum_attachment,7342,,https://forums.ldraw.org/attachment.php?aid=8305,https://forums.ldraw.org/thread-11982.html,K04_TIMBER;K08_PORT;K09_INTERIOR,EUMAEUS HUT INTERIOR;SECRET ITHACAN LANDING;CIRCE'S FOREST PALACE,Tiny rough shelter/shanty donor.
6261,Raft Raiders,6261 - Raft Raiders.mpd,mpd,GREEN,OMR compliant; flexible rope missing,ldraw_forum_attachment,7168,,https://forums.ldraw.org/attachment.php?aid=8332,https://forums.ldraw.org/thread-11982.html,K13_SHIP;K04_TIMBER,RAFT / WRECK;OGYGIA SHORE,Raft donor.
6271,Imperial Flagship,6271 - Imperial Flagship.mpd,mpd,YELLOW,not OMR compliant at posting; sail placeholders / missing sail geometry,ldraw_forum_attachment,28518,,https://forums.ldraw.org/attachment.php?aid=8519,https://forums.ldraw.org/thread-11982.html,K13_SHIP;K08_PORT,BLACK ITHACAN SHIP;SCHERIA CITY AND HARBOR,Ship geometry useful; sail caveats.
6277,Imperial Trading Post,6277 - Imperial Trading Post.mpd,mpd,YELLOW,not OMR compliant at posting; sails/print/flexible ropes missing,ldraw_forum_attachment,53555,,https://forums.ldraw.org/attachment.php?aid=8815,https://forums.ldraw.org/thread-11982.html,K08_PORT;K12_FORTIFICATION;K13_SHIP;K05_STONE_ARCH,SCHERIA CITY AND HARBOR;PYLOS HARBOR;TELEPYLUS HARBOR,Excellent port/market/dock geometry despite missing flexible/sail details.
21020,Trevi Fountain,21020 - Trevi Fountain.mpd,mpd,GREEN,OMR compliant; errors none,ldraw_forum_attachment,35758,,https://forums.ldraw.org/attachment.php?aid=2059,https://forums.ldraw.org/thread-2020-post-11229.html,K05_STONE_ARCH;K06_COLUMN;K03_WATER,AEOLIA FLOATING ISLAND;ALCINOUS'S PALACE;OLYMPIAN COUNCIL HALL;NESTOR'S PALACE AND COURTYARD,Classical facade/column/water donor.
21343,Viking Village,21343_-_viking_village.mpd,mpd,GREEN,OMR compliant; known errors none,brickshelf_from_ldraw_forum,,,https://brickshelf.com/gallery/Philo/SetModels/Set21343/21343_-_viking_village.mpd,https://forums.ldraw.org/printthread.php?tid=27989,K02_ROCK;K04_TIMBER;K09_INTERIOR;K12_FORTIFICATION,EUMAEUS HUT INTERIOR;CIRCE'S FOREST PALACE;ODYSSEUS'S PALACE THRESHOLD AND HALL;OGYGIA CAVERN AND GROVE,High-value rock/timber/domestic/bridge donor.
7637,Farm,7637 - Farm.mpd,mpd,GREEN,OMR compliant; known issues: stickers/minifig patterns/string/ladder details,ldraw_forum_manual,38205,,,https://forums.ldraw.org/thread-22649-page-3.html,K10_FARM;K17_LIFE;K04_TIMBER,EUMAEUS'S PIG FARM;THRINACIA;POLYPHEMUS'S CAVE;PIG HERD;SACRED CATTLE;MATCHED HORSE TEAM,Verified real MPD in LDraw forum. Manual acquisition in this manifest because direct attachment URL was not exposed reliably.
27256,Minifig Lightning Bolt with Rim,27256.dat,dat,GREEN,official LDraw part,github_ldraw_parts,,f9457733666170420ea0f60a9f8feb6020b18096,https://raw.githubusercontent.com/gkjohnson/ldraw-parts-library/master/complete/ldraw/parts/27256.dat,,K18_SIGNATURE,ZEUS'S THUNDERBOLT,Exact readymade.
3847,Minifig Sword Shortsword,3847.dat,dat,GREEN,official LDraw part,github_ldraw_parts,,bf012508f4a27c7da9942e90b8ee161f66337af9,https://raw.githubusercontent.com/gkjohnson/ldraw-parts-library/master/complete/ldraw/parts/3847.dat,,K18_SIGNATURE,BRONZE SWORD WITH IVORY HILT,Exact readymade base.
10169,Minifig Sack with Hand Grab,10169.dat,dat,GREEN,official LDraw part,github_ldraw_parts,,2fc65e2dfb019a7edbf00d63c641ab2bf24881fc,https://raw.githubusercontent.com/gkjohnson/ldraw-parts-library/master/complete/ldraw/parts/10169.dat,,K09_INTERIOR,BAG OF WINDS,Exact readymade candidate.
10509,Animal Horse Poseable,10509.dat,dat,GREEN,official LDraw shortcut,github_ldraw_parts,,644809212db509160182095fabbcc8e32fc8eee4,https://raw.githubusercontent.com/gkjohnson/ldraw-parts-library/master/complete/ldraw/parts/10509.dat,,K17_LIFE,MATCHED HORSE TEAM,Real horse geometry.
87621,Animal Pig,87621.dat,dat,GREEN,official LDraw part,github_ldraw_parts,,f874a44b50b6ba8cd145d0159fcc4c922d6dced4,https://raw.githubusercontent.com/gkjohnson/ldraw-parts-library/master/complete/ldraw/parts/87621.dat,,K17_LIFE;K10_FARM,PIG HERD;PARNASSUS BOAR,Pig readymade; boar can modify this base.
64452,Animal Cow,64452.dat,dat,GREEN,official LDraw shortcut,github_ldraw_parts,,5e3c374f7f8b7e579f9da15d354d20a53ffa3977,https://raw.githubusercontent.com/gkjohnson/ldraw-parts-library/master/complete/ldraw/parts/64452.dat,,K17_LIFE;K10_FARM,SACRED CATTLE;HELIOS'S CATTLE AND SHEEP,Cow readymade.
4429,Figure Flask with Handle,4429.dat,dat,YELLOW,official LDraw part; description marks Needs Work,github_ldraw_parts,,03a16dcd86770e964f1075cd5e19c2d10bf74de5,https://raw.githubusercontent.com/gkjohnson/ldraw-parts-library/master/complete/ldraw/parts/4429.dat,,K09_INTERIOR,WATER PITCHER,"Real part, but LDraw header says Needs Work."
